@00000000
00 00 00 00 00 00 00 00 00 00 00 00 00 00 00 00
00 00 00 00 00 00 00 00 00 00 00 00 00 00 00 00
00 00 00 00 00 00 00 00 00 00 00 00 00 00 00 00
00 00 00 00 00 00 00 00 00 00 00 00 00 00 00 00
00 00 00 00 00 00 00 00 00 00 00 00 00 00 00 00
00 00 00 00 00 00 00 00 00 00 00 00 00 00 00 00
00 00 00 00 00 00 00 00 00 00 00 00 00 00 00 00
00 00 00 00 00 00 00 00 00 00 00 00 00 00 00 00
00 00 00 00 00 00 00 00 00 00 00 00 00 00 00 00
00 00 00 00 00 00 00 00 00 00 00 00 00 00 00 00
00 00 00 00 00 00 00 00 00 00 00 00 00 00 00 00
00 00 00 00 00 00 00 00 00 00 00 00 00 00 00 00
00 00 00 00 00 00 00 00 00 00 00 00 00 00 00 00
00 00 00 00 00 00 00 00 00 00 00 00 00 00 00 00
00 00 00 00 00 00 00 00 00 00 00 00 00 00 00 00
00 00 00 00 13 00 00 00 6F 00 00 00 FF FF FF FF
00 00 00 00 00 00 00 00 00 00 00 00 00 00 00 00
00 00 00 00 00 00 00 00 00 00 00 00 00 00 00 00
00 00 00 00 00 00 00 00 00 00 00 00 00 00 00 00
00 00 00 00 00 00 00 00 00 00 00 00 00 00 00 00
00 00 00 00 00 00 00 00 00 00 00 00 00 00 00 00
00 00 00 00 00 00 00 00 00 00 00 00 00 00 00 00
00 00 00 00 00 00 00 00 00 00 00 00 00 00 00 00
00 00 00 00 00 00 00 00 00 00 00 00 00 00 00 00
00 00 00 00 00 00 00 00 00 00 00 00 00 00 00 00
00 00 00 00 00 00 00 00 00 00 00 00 00 00 00 00
00 00 00 00 00 00 00 00 00 00 00 00 00 00 00 00
00 00 00 00 00 00 00 00 00 00 00 00 00 00 00 00
6F 00 20 18 13 00 00 00 13 00 00 00 13 00 00 00
13 00 00 00 13 00 00 00 13 00 00 00 13 00 00 00
13 00 00 00 13 00 00 00 13 00 00 00 13 00 00 00
13 00 00 00 13 00 00 00 13 00 00 00 13 00 00 00
93 00 00 00 13 01 00 00 93 01 00 00 13 02 00 00
93 02 00 00 13 03 00 00 93 03 00 00 13 04 00 00
93 04 00 00 13 05 00 00 93 05 00 00 13 06 00 00
93 06 00 00 13 07 00 00 93 07 00 00 13 08 00 00
93 08 00 00 13 09 00 00 93 09 00 00 13 0A 00 00
93 0A 00 00 13 0B 00 00 93 0B 00 00 13 0C 00 00
93 0C 00 00 13 0D 00 00 93 0D 00 00 13 0E 00 00
93 0E 00 00 13 0F 00 00 93 0F 00 00 97 91 48 00
93 81 41 C2 13 05 00 40 97 05 48 00 93 85 85 D7
17 96 48 00 13 06 06 BF 63 0B B5 00 29 A0 14 41
94 C1 11 05 91 05 E3 9C C5 FE 13 86 01 FE 97 95
48 00 93 85 25 3D 21 A0 23 20 06 00 11 06 E3 9D
C5 FE 17 01 49 00 13 01 E1 D3 13 85 01 FE 17 96
48 00 13 06 26 C1 B3 05 A6 40 17 07 49 00 13 07
67 92 33 02 B7 40 92 85 13 86 01 FE 29 A0 14 41
94 C1 11 05 91 05 E3 1C C5 FE 21 A0 23 A0 05 00
91 05 E3 9D E5 FE B7 02 49 00 05 43 23 A0 62 00
B7 02 49 00 91 02 13 03 30 06 23 A0 62 00 B7 02
49 00 C1 02 7D 53 23 A0 62 00 23 A2 62 00 01 45
81 45 97 50 48 00 E7 80 C0 EF 17 83 48 00 67 00
63 32 6D 71 06 C2 0A C4 0E C6 12 C8 16 CA 1A CC
1E CE 22 D0 26 D2 2A D4 2E D6 32 D8 36 DA 3A DC
3E DE C2 C0 C6 C2 CA C4 CE C6 D2 C8 D6 CA DA CC
DE CE E2 D0 E6 D2 EA D4 EE D6 F2 D8 F6 DA FA DC
FE DE 73 25 20 34 F3 25 10 34 0A 86 99 20 92 40
22 41 B2 41 42 42 D2 42 62 43 F2 43 02 54 92 54
22 55 B2 55 42 56 D2 56 62 57 F2 57 06 48 96 48
26 49 B6 49 46 4A D6 4A 66 4B F6 4B 06 5C 96 5C
26 5D B6 5D 46 5E D6 5E 66 5F F6 5F 51 61 73 00
20 30 6F F0 3F D2 13 00 00 00 13 00 00 00 13 00
00 00 13 00 00 00 13 00 00 00 00 00 00 00 00 00
00 00 00 00 00 00 00 00 00 00 00 00 00 00 00 00
@00000400
03 27 02 04 93 02 02 00 33 88 E2 00 13 06 17 00
23 00 A8 00 23 20 C2 04 29 43 63 07 65 00 93 03
00 04 63 05 76 00 82 80 63 5A C0 0E 83 CE 02 00
13 0E 02 00 13 0F 1E 00 B3 0F EF 00 93 C5 F2 FF
93 87 12 00 37 07 00 F0 B3 86 F5 01 33 88 FF 40
23 00 D7 01 13 F6 76 00 63 52 00 0D 3D CA 05 43
63 00 66 06 89 43 63 08 76 04 0D 45 63 00 A6 04
11 4E 63 08 C6 03 95 4E 63 00 D6 03 19 4F 63 08
E6 01 83 C5 12 00 93 87 22 00 23 00 B7 00 83 C2
07 00 85 07 23 00 57 00 83 C6 07 00 85 07 23 00
D7 00 03 C8 07 00 85 07 23 00 07 01 03 C6 07 00
85 07 23 00 C7 00 03 C3 07 00 85 07 23 00 67 00
83 C3 07 00 85 07 33 85 FF 40 23 00 77 00 63 57
A0 04 03 CE 07 00 A1 07 23 00 C7 01 83 CE 97 FF
23 00 D7 01 03 CF A7 FF 23 00 E7 01 83 C5 B7 FF
23 00 B7 00 83 C2 C7 FF 23 00 57 00 83 C6 D7 FF
23 00 D7 00 03 C8 E7 FF 33 86 FF 40 23 00 07 01
03 C3 F7 FF 23 00 67 00 E3 4D C0 FA 23 20 02 04
82 80 14 41 2A 86 83 C7 06 00 63 8A 07 20 13 07
C0 02 01 45 63 88 E7 1A 13 08 E0 02 63 8C 07 1D
63 64 F8 1A 13 8F 57 FD 93 7F DF 0F 63 82 0F 02
03 A8 45 00 03 AF 05 00 85 06 93 0F 18 00 93 02
1F 00 23 A2 F5 01 23 A0 55 00 05 45 14 C2 82 80
88 41 93 87 16 00 93 02 15 00 23 A0 55 00 83 C3
16 00 63 81 03 1E 63 88 E3 1A 83 A8 85 00 13 87
03 FD 13 7E F7 0F 25 43 93 8E 18 00 63 7A C3 01
63 88 03 19 23 A4 D5 01 89 06 05 45 14 C2 82 80
23 A4 D5 01 83 C6 17 00 85 07 63 8A 06 14 13 07
C0 02 63 8F E6 10 13 08 E0 02 63 83 06 03 13 8F
06 FD 93 7F FF 0F 25 45 E3 7E F5 FD 83 A2 05 01
05 45 93 86 17 00 B3 87 A2 00 9C C9 14 C2 82 80
83 A3 05 01 93 88 13 00 23 A8 15 01 03 CE 17 00
85 07 13 07 C0 02 63 02 0E 12 63 0C EE 12 13 73
FE 0D 93 0E 50 04 63 04 D3 03 93 06 0E FD 13 F8
F6 0F 25 47 E3 7C 07 FD 03 AF 45 01 05 45 93 86
17 00 B3 0F AF 00 23 AA F5 01 14 C2 82 80 C8 49
93 86 17 00 93 02 15 00 23 AA 55 00 83 C3 17 00
0D 45 E3 8D 03 F0 93 08 C0 02 63 8D 13 0F 03 AE
C5 00 13 83 53 FD 93 7E D3 0F 93 06 1E 00 D4 C5
63 87 0E 00 93 86 27 00 05 45 14 C2 82 80 03 C7
27 00 93 86 27 00 71 C3 63 03 17 0D 03 A8 85 01
13 0F 07 FD 93 7F FF 0F 93 02 18 00 25 45 23 AC
55 00 63 76 F5 01 93 86 37 00 05 45 C1 B5 B6 83
03 CE 16 00 85 06 93 08 C0 02 93 07 0E FD 13 F3
F7 0F 63 0C 0E 08 63 0C 1E 09 E3 72 65 FE 83 AE
45 00 05 45 93 86 23 00 33 87 AE 00 D8 C1 79 B5
BE 86 11 45 85 06 59 B5 13 83 07 FD 93 73 F3 0F
A5 48 E3 EF 78 E4 03 AE 05 00 93 87 16 00 93 0E
1E 00 23 A0 D5 01 83 C6 16 00 E3 9C 06 EA BE 86
11 45 A9 BD 88 41 93 87 16 00 93 02 15 00 23 A0
55 00 03 CE 16 00 E3 12 0E EE BE 86 15 45 3D BD
23 A4 D5 01 E1 B5 BE 86 09 45 85 06 05 BD 01 45
35 B5 BE 86 15 45 85 06 15 B5 19 45 05 B5 19 45
85 06 29 BD 0D 45 85 06 11 BD 1D 45 01 BD 1D 45
85 06 29 B5 BE 86 09 45 11 B5 35 71 4E C7 83 19
05 00 56 C3 AE 8A 93 D5 79 40 06 CF 85 89 81 C9
FA 40 9A 4A 13 F5 F9 07 BA 49 0D 61 82 80 93 DF
39 40 93 F2 FF 00 22 CD 5A C1 13 97 42 00 93 F7
79 00 03 D4 8A 03 2A 8B B3 8F E2 00 63 8D 07 3C
05 45 63 96 A7 16 03 A5 8A 02 52 C5 DE DE EA D8
FD 7B 26 CB 4A C9 E2 DC E6 DA EE D6 33 EF 7F 01
83 A8 CA 02 83 AB 4A 03 03 AA 0A 03 81 4E 81 43
01 4D E3 06 05 68 13 16 15 00 33 03 A0 40 B3 86
C8 00 13 1E 23 00 B6 8E 01 43 B3 8D CE 40 33 87
BE 41 13 0C E7 FF 93 52 1C 00 93 8C 12 00 13 FD
7C 00 EE 87 63 08 0D 08 85 43 63 0C 7D 06 09 48
63 02 0D 07 8D 44 63 08 9D 04 11 49 63 0E 2D 03
15 47 63 04 ED 02 19 4C 63 0A 8D 01 83 D2 0D 00
93 87 2D 00 B3 8C 5F 00 23 90 9D 01 03 DD 07 00
89 07 B3 83 AF 01 23 9F 77 FE 03 D8 07 00 89 07
B3 84 0F 01 23 9F 97 FE 03 D9 07 00 89 07 33 87
2F 01 23 9F E7 FE 03 DC 07 00 89 07 B3 82 8F 01
23 9F 57 FE 83 DC 07 00 89 07 33 8D 9F 01 23 9F
A7 FF 83 D3 07 00 89 07 33 88 7F 00 23 9F 07 FF
63 85 FE 06 03 D9 27 00 03 DC 47 00 03 D7 67 00
83 D4 07 00 03 D8 87 00 83 D3 A7 00 B3 8C 2F 01
33 8D 8F 01 33 89 EF 00 03 DC C7 00 03 D7 E7 00
B3 82 9F 00 23 90 57 00 23 91 97 01 23 92 A7 01
B3 84 0F 01 B3 82 7F 00 B3 8C 8F 01 33 8D EF 00
23 93 27 01 23 94 97 00 23 95 57 00 23 96 97 01
23 97 A7 01 C1 07 E3 9F FE F8 13 08 13 00 B3 8E
CD 41 63 14 05 01 6F 20 C0 20 42 83 F9 BD 13 93
09 01 13 5F 03 01 CE 82 93 F3 F2 0F B3 C8 83 00
13 F8 18 00 69 7E 13 07 1E 00 33 06 00 41 B3 77
E6 00 05 80 B3 C6 87 00 93 9F 06 01 13 D5 0F 01
93 DE 13 00 B3 C5 AE 00 93 F8 15 00 33 08 10 41
33 7E E8 00 13 56 15 00 33 44 CE 00 93 17 04 01
93 D6 07 01 13 D3 23 00 B3 4E D3 00 13 F3 1E 00
B3 05 60 40 B3 F8 E5 00 13 D8 16 00 33 CE 08 01
13 16 0E 01 13 54 06 01 93 DF 33 00 B3 C7 8F 00
93 FF 17 00 33 03 F0 41 B3 75 E3 00 93 58 14 00
33 C8 15 01 13 1E 08 01 13 56 0E 01 13 D5 43 00
31 8D 13 74 15 00 B3 07 80 40 B3 FF E7 00 13 53
16 00 B3 C5 6F 00 93 98 05 01 13 D8 08 01 93 DE
53 00 B3 CE 0E 01 13 F6 1E 00 33 05 C0 40 33 74
E5 00 93 57 18 00 B3 4F F4 00 13 93 0F 01 93 55
03 01 93 D6 63 00 AD 8E 13 F8 16 00 B3 0E 00 41
33 F5 EE 00 13 D6 15 00 B3 47 C5 00 93 9F 07 01
13 D3 0F 01 93 D3 73 00 B3 C3 63 00 93 F6 13 00
33 08 D0 40 B3 7E E8 00 13 55 13 00 B3 C7 AE 00
93 9F 07 01 13 5F 8F 00 13 7F FF 0F 13 D3 0F 01
B3 46 6F 00 13 F8 16 00 B3 0E 00 41 33 F5 EE 00
93 57 13 00 B3 4F F5 00 13 93 0F 01 93 56 03 01
13 5E 1F 00 13 F5 F2 07 B3 42 DE 00 13 FE 12 00
33 08 C0 41 B3 7E E8 00 93 D7 16 00 B3 CF FE 00
13 93 0F 01 93 56 03 01 13 54 2F 00 35 8C 13 7E
14 00 33 08 C0 41 B3 7E E8 00 93 D7 16 00 B3 CF
FE 00 13 93 0F 01 93 56 03 01 93 58 3F 00 93 F9
09 F0 B3 C8 D8 00 B3 69 35 01 93 E2 09 08 93 F9
18 00 33 04 30 41 33 7E E4 00 13 D8 16 00 B3 4E
0E 01 93 97 0E 01 93 DF 07 01 93 55 4F 00 B3 C5
F5 01 13 F3 15 00 B3 06 60 40 B3 F9 E6 00 93 D8
1F 00 33 C4 19 01 13 1E 04 01 13 58 0E 01 13 56
5F 00 33 46 06 01 93 7E 16 00 B3 07 D0 41 B3 FF
E7 00 93 55 18 00 33 C3 BF 00 93 16 03 01 93 D9
06 01 93 53 6F 00 B3 C3 33 01 93 F8 13 00 33 04
10 41 33 7E E4 00 13 D8 19 00 33 46 0E 01 93 1E
06 01 93 DF 0E 01 13 5F 7F 00 33 4F FF 01 93 77
1F 00 B3 05 F0 40 6D 8F 13 D3 1F 00 6A 44 FA 40
B3 46 67 00 23 9C DA 02 23 10 5B 00 BA 49 0A 4B
9A 4A 0D 61 82 80 E6 DA 26 CB 4A C9 52 C5 DE DE
E2 DC EA D8 EE D6 13 03 20 02 FE 8C 63 F3 6F 00
9A 8C 83 AB 4A 01 84 00 13 09 01 02 83 C3 0B 00
82 C0 02 D0 13 95 0C 01 23 A2 04 00 23 A4 04 00
23 A6 04 00 23 A8 04 00 23 AA 04 00 23 AC 04 00
23 AE 04 00 23 22 09 00 23 24 09 00 23 26 09 00
23 28 09 00 23 2A 09 00 23 2C 09 00 23 2E 09 00
03 AC 8A 01 83 9D 0A 00 03 9D 2A 00 93 5C 05 41
63 94 03 00 6F 20 B0 44 5E CE 13 0A C1 01 A6 85
52 85 01 3A 13 16 25 00 33 08 26 01 F2 46 83 28
08 00 03 CE 06 00 93 8E 18 00 23 20 D8 01 E3 10
0E FE 5E 9C 63 E4 8B 01 6F 20 10 43 DE 8F 13 0A
C0 02 03 CF 0F 00 B3 45 BF 01 63 04 4F 01 23 80
BF 00 E6 9F E3 E7 8F FF 83 C2 0B 00 63 85 02 02
5E CE 13 0A C1 01 A6 85 52 85 65 38 13 17 25 00
B3 07 27 01 72 43 83 A3 07 00 03 45 03 00 13 86
13 00 90 C3 6D F1 5E CE 5E 8E 13 08 C0 02 63 FD
8B 01 83 48 0E 00 B3 C6 A8 01 63 84 08 01 23 00
DE 00 66 9E E3 67 8E FF 83 DB 8A 03 E9 7E CA 85
26 85 13 89 1E 00 83 AC 05 00 13 5D 14 00 83 2D
05 00 13 FC FC 0F 33 44 8C 00 13 7F 14 00 B3 0F
E0 41 B3 F2 2F 01 33 CA A2 01 13 17 0A 01 93 57
07 01 13 53 1C 00 33 46 F3 00 13 78 16 00 B3 08
00 41 B3 F6 28 01 13 DE 17 00 B3 CE C6 01 13 9D
0E 01 13 54 0D 01 93 53 2C 00 B3 CF 83 00 13 FA
1F 00 33 07 40 41 B3 77 27 01 13 53 14 00 B3 C3
67 00 13 96 03 01 13 58 06 01 13 5F 3C 00 33 4E
0F 01 93 7E 1E 00 33 0D D0 41 33 74 2D 01 13 5F
18 00 B3 4F E4 01 13 9A 0F 01 13 57 0A 01 93 52
4C 00 B3 C2 E2 00 93 F3 12 00 33 06 70 40 33 78
26 01 13 5E 17 00 B3 4E C8 01 13 9D 0E 01 13 54
0D 01 93 58 5C 00 B3 C8 88 00 93 97 0C 01 93 FF
18 00 13 D3 07 01 33 07 F0 41 13 5F 83 00 B3 77
27 01 13 53 14 00 B3 C2 67 00 93 93 02 01 13 D6
03 01 93 56 6C 00 B1 8E 93 FE 16 00 33 0D D0 41
33 74 2D 01 93 58 16 00 B3 4F 14 01 13 97 0F 01
93 57 07 01 13 5C 7C 00 33 4C FC 00 13 73 1C 00
B3 03 60 40 33 F6 23 01 93 D6 17 00 B3 4E D6 00
13 9D 0E 01 13 54 0D 01 B3 48 8F 00 93 FF 18 00
33 07 F0 41 33 7C 27 01 13 53 14 00 B3 43 6C 00
13 96 03 01 93 56 06 01 13 5A 1F 00 33 4A DA 00
93 7E 1A 00 33 04 D0 41 B3 78 24 01 93 DF 16 00
33 C7 F8 01 13 1C 07 01 13 53 0C 01 13 58 2F 00
33 48 68 00 13 76 18 00 33 0A C0 40 B3 7E 2A 01
13 54 13 00 B3 C8 8E 00 93 9F 08 01 13 DC 0F 01
13 5E 3F 00 33 4E 8E 01 93 D3 0C 01 13 73 1E 00
93 F6 F3 0F B3 03 60 40 33 F8 23 01 13 56 1C 00
33 4A C8 00 93 1E 0A 01 13 D4 0E 01 93 52 4F 00
B3 C2 82 00 93 F8 12 00 B3 0F 10 41 33 F3 2F 01
13 5E 14 00 B3 43 C3 01 13 98 03 01 13 56 08 01
93 57 5F 00 B1 8F 93 FE 17 00 33 04 D0 41 B3 78
24 01 93 52 16 00 B3 CF 58 00 13 93 0F 01 13 5E
03 01 13 5D 6F 00 33 4D CD 01 93 73 1D 00 33 06
70 40 B3 77 26 01 93 5E 1E 00 33 C4 D7 01 93 18
04 01 93 D2 08 01 13 5F 7F 00 33 4F 5F 00 93 7F
1F 00 33 0E F0 41 33 7D 2E 01 93 D3 12 00 33 46
7D 00 93 17 06 01 93 DE 07 01 B3 C8 D6 01 93 F2
18 00 33 0F 50 40 B3 7F 2F 01 13 DE 1E 00 33 CD
CF 01 93 13 0D 01 13 D6 03 01 13 D7 16 00 31 8F
93 77 17 00 B3 0E F0 40 B3 F8 2E 01 93 52 16 00
33 CF 58 00 93 1F 0F 01 13 DE 0F 01 13 DC 26 00
33 4C CC 01 93 73 1C 00 33 06 70 40 33 77 26 01
93 57 1E 00 B3 4E F7 00 93 98 0E 01 93 D2 08 01
13 DA 36 00 33 4A 5A 00 13 7F 1A 00 B3 0F E0 41
33 FE 2F 01 93 D3 12 00 33 46 7E 00 13 17 06 01
93 57 07 01 13 D8 46 00 33 48 F8 00 93 78 18 00
B3 02 10 41 33 FA 22 01 13 DF 17 00 B3 4F EA 01
13 9E 0F 01 93 53 0E 01 13 D3 56 00 33 43 73 00
13 76 13 00 33 07 C0 40 33 78 27 01 93 D8 13 00
B3 42 18 01 13 9A 02 01 13 5F 0A 01 13 D4 66 00
33 44 E4 01 93 7F 14 00 B3 03 F0 41 33 F6 23 01
13 53 1F 00 33 47 66 00 13 18 07 01 93 58 08 01
9D 82 B3 C6 16 01 93 F2 16 00 33 0F 50 40 33 74
2F 01 93 DF 18 00 B3 43 F4 01 13 96 03 01 93 DC
8C 01 13 53 06 01 13 DD 1C 00 13 DC 2C 00 93 DE
3C 00 93 D7 4C 00 13 DE 5C 00 13 DA 6C 00 13 D8
7C 00 B3 CC 6C 00 13 F7 1C 00 B3 08 E0 40 B3 F6
28 01 93 52 13 00 33 CF 56 00 13 14 0F 01 93 5F
04 01 33 4D FD 01 93 73 1D 00 33 06 70 40 33 73
26 01 13 D7 1F 00 B3 48 E3 00 93 96 08 01 93 D2
06 01 33 4C 5C 00 13 7F 1C 00 B3 0F E0 41 33 FD
2F 01 93 D3 12 00 33 46 7D 00 13 13 06 01 13 57
03 01 B3 CE EE 00 93 F6 1E 00 B3 02 D0 40 33 FC
22 01 13 5F 17 00 B3 4F EC 01 13 9D 0F 01 93 53
0D 01 B3 C7 77 00 13 F6 17 00 33 03 C0 40 33 77
23 01 93 DE 13 00 B3 42 D7 01 13 9C 02 01 13 5F
0C 01 33 4E EE 01 93 7F 1E 00 B3 03 F0 41 B3 F7
23 01 13 56 1F 00 33 C3 C7 00 13 17 03 01 93 5E
07 01 33 4A DA 01 93 72 1A 00 33 0F 50 40 33 7E
2F 01 93 DF 1E 00 B3 43 FE 01 93 97 03 01 13 D6
07 01 33 48 C8 00 13 77 18 00 B3 0E E0 40 33 FA
2E 01 93 52 16 00 33 4F 5A 00 13 1E 0F 01 93 FC
FD 0F 93 5F 0E 01 13 D4 1C 00 93 D8 2C 00 93 D6
3C 00 13 DD 4C 00 13 DC 5C 00 13 D3 6C 00 93 D7
7C 00 B3 CC FC 01 93 F3 1C 00 33 06 70 40 33 78
26 01 13 D7 1F 00 B3 4E E8 00 13 9A 0E 01 13 5F
0A 01 33 44 E4 01 93 7F 14 00 B3 0C F0 41 B3 F3
2C 01 13 56 1F 00 33 C8 C3 00 13 17 08 01 93 5E
07 01 B3 C8 D8 01 93 92 0D 01 13 FF 18 00 13 DE
02 01 B3 02 E0 41 13 5A 8E 00 93 DF 1E 00 33 FE
22 01 B3 4C FE 01 93 93 0C 01 13 D6 03 01 B1 8E
13 F7 16 00 B3 0E E0 40 33 FF 2E 01 93 58 16 00
B3 42 1F 01 13 9E 02 01 93 5F 0E 01 33 4D FD 01
93 73 1D 00 33 06 70 40 B3 76 26 01 13 D7 1F 00
B3 CE E6 00 13 9F 0E 01 93 58 0F 01 33 4C 1C 01
93 72 1C 00 33 0E 50 40 33 7D 2E 01 93 D3 18 00
33 46 7D 00 93 16 06 01 13 D7 06 01 33 43 E3 00
93 7E 13 00 B3 08 D0 41 33 FC 28 01 93 52 17 00
33 4E 5C 00 13 1D 0E 01 93 53 0D 01 B3 C7 77 00
13 F6 17 00 B3 06 C0 40 33 F7 26 01 13 D3 13 00
B3 48 67 00 13 9C 08 01 93 52 0C 01 13 54 1A 00
13 58 2A 00 93 5C 3A 00 93 5F 4A 00 13 5F 5A 00
93 5E 6A 00 13 5E 7A 00 33 4A 5A 00 13 7D 1A 00
B3 03 A0 41 B3 F7 23 01 13 D6 12 00 B3 C6 C7 00
13 97 06 01 13 53 07 01 33 44 64 00 93 72 14 00
33 0A 50 40 33 7D 2A 01 93 53 13 00 B3 47 7D 00
13 96 07 01 93 56 06 01 33 48 D8 00 93 D8 0D 01
13 73 18 00 13 FC F8 0F B3 08 60 40 33 F4 28 01
93 D2 16 00 33 4A 54 00 13 1D 0A 01 93 57 0D 01
B3 CC FC 00 13 F6 1C 00 B3 06 C0 40 33 F8 26 01
13 D3 17 00 B3 48 68 00 13 94 08 01 93 52 04 01
B3 CF 5F 00 13 FD 1F 00 B3 07 A0 41 B3 FC 27 01
13 D6 12 00 B3 C6 CC 00 13 98 06 01 13 53 08 01
33 4F 6F 00 93 78 1F 00 B3 02 10 41 33 FD 22 01
93 5F 13 00 B3 47 FD 01 93 9C 07 01 13 D6 0C 01
B3 CE CE 00 93 F6 1E 00 33 03 D0 40 B3 78 23 01
13 5F 16 00 B3 C2 E8 01 13 9D 02 01 93 57 0D 01
33 4E FE 00 93 7C 1E 00 33 06 90 41 B3 76 26 01
93 DE 17 00 33 C3 D6 01 93 18 03 01 93 D2 08 01
13 57 1C 00 93 53 2C 00 13 5A 3C 00 13 54 4C 00
13 58 5C 00 93 5F 6C 00 13 5F 7C 00 33 4C 5C 00
13 7D 1C 00 B3 07 A0 41 B3 FC 27 01 13 DE 12 00
33 C6 CC 01 93 16 06 01 93 D8 06 01 33 47 17 01
13 73 17 00 B3 02 60 40 33 FC 22 01 13 DD 18 00
B3 47 AC 01 93 9C 07 01 13 D6 0C 01 B3 C3 C3 00
93 F6 13 00 B3 08 D0 40 33 F7 28 01 13 53 16 00
B3 42 67 00 13 9C 02 01 13 5D 0C 01 33 4A AA 01
93 7C 1A 00 33 06 90 41 B3 76 26 01 93 53 1D 00
B3 C8 76 00 13 97 08 01 13 53 07 01 33 44 64 00
93 72 14 00 33 0D 50 40 33 7A 2D 01 93 5C 13 00
33 46 9A 01 93 16 06 01 93 D3 06 01 33 48 78 00
13 77 18 00 33 03 E0 40 33 74 23 01 93 D2 13 00
33 4D 54 00 13 1A 0D 01 93 5C 0A 01 B3 CF 9F 01
13 F6 1F 00 B3 03 C0 40 33 F8 23 01 13 D7 1C 00
33 43 E8 00 13 14 03 01 93 52 04 01 33 4F 5F 00
13 7A 1F 00 B3 0C 40 41 33 F6 2C 01 93 DF 12 00
B3 43 F6 01 13 98 03 01 93 DD 8D 01 13 53 08 01
93 DE 1D 00 13 DE 2D 00 93 D7 3D 00 13 DC 4D 00
93 D8 5D 00 93 D6 6D 00 13 DD 7D 00 B3 CD 6D 00
13 F7 1D 00 33 04 E0 40 B3 72 24 01 13 5F 13 00
33 CA E2 01 93 1C 0A 01 13 D6 0C 01 B3 CE CE 00
93 FF 1E 00 B3 03 F0 41 33 F8 23 01 13 53 16 00
B3 4D 68 00 13 97 0D 01 13 54 07 01 33 4E 8E 00
93 72 1E 00 33 0F 50 40 33 7A 2F 01 93 5C 14 00
33 46 9A 01 93 1E 06 01 93 DF 0E 01 B3 C7 F7 01
93 F3 17 00 33 08 70 40 33 73 28 01 93 DD 1F 00
33 47 B3 01 13 14 07 01 13 5E 04 01 33 4C CC 01
93 72 1C 00 33 0F 50 40 33 7A 2F 01 93 5C 1E 00
33 46 9A 01 93 1E 06 01 93 DF 0E 01 B3 C8 F8 01
93 F7 18 00 B3 03 F0 40 33 F8 23 01 13 D3 1F 00
B3 4D 68 00 13 97 0D 01 13 54 07 01 A1 8E 13 FE
16 00 33 0C C0 41 13 5F 14 00 B3 72 2C 01 33 CA
E2 01 93 1C 0A 01 13 D6 0C 01 33 4D CD 00 93 7E
1D 00 B3 0F D0 41 B3 F8 2F 01 93 57 16 00 B3 C3
F8 00 13 98 03 01 91 05 11 05 13 54 08 01 63 94
B4 EE 83 D4 EA 03 99 E0 23 9F 8A 02 13 19 04 01
22 8F 93 52 09 41 5E 84 DA 44 4A 49 2A 4A F6 5B
66 5C D6 5C 46 5D B6 5D 6F F0 0F B3 93 FE F7 0F
93 F3 1E 00 29 6D B3 02 70 40 93 0C 1D 00 B3 FD
5C 00 13 D9 1E 00 33 4C B9 01 93 74 1C 00 69 77
13 0E 17 00 33 03 90 40 B3 76 C3 01 13 D6 1D 00
33 C8 C6 00 93 13 08 01 13 DD 03 01 93 D2 2E 00
B3 CD A2 01 13 F9 1D 00 33 0C 20 41 B3 74 CC 01
13 57 1D 00 C2 07 33 C3 E4 00 93 DC 07 01 13 1E
03 01 93 D3 8C 00 13 5D 0E 01 93 DE 3E 00 33 C6
AE 01 93 76 16 00 E9 72 93 8C 12 00 33 08 D0 40
B3 7D 98 01 93 57 1D 00 33 C9 FD 00 13 1C 09 01
93 54 0C 01 13 D7 1E 00 33 4E 97 00 13 7D 1E 00
33 06 A0 41 B3 76 96 01 93 D2 14 00 33 C8 56 00
93 17 08 01 93 DD 07 01 13 D3 2E 00 33 4C B3 01
93 74 1C 00 33 07 90 40 33 73 97 01 13 DE 1D 00
33 4D C3 01 13 16 0D 01 93 56 06 01 13 D9 3E 00
33 48 D9 00 93 77 18 00 B3 0D F0 40 33 F9 9D 01
13 DC 16 00 B3 44 89 01 13 97 04 01 13 53 07 01
93 DE 4E 00 B3 CE 6E 00 13 FD 1E 00 33 06 A0 41
B3 76 96 01 13 58 13 00 B3 C7 06 01 93 9D 07 01
13 D9 0D 01 B3 C4 23 01 13 F7 14 00 33 03 E0 40
B3 7E 93 01 13 5D 19 00 33 C6 AE 01 93 16 06 01
93 D7 06 01 93 D2 13 00 B3 C2 F2 00 93 FD 12 00
33 09 B0 41 B3 74 99 01 13 D7 17 00 33 C3 E4 00
93 1E 03 01 13 DD 0E 01 13 DE 23 00 33 4E AE 01
93 76 1E 00 B3 07 D0 40 B3 F2 97 01 93 5D 1D 00
33 C9 B2 01 93 14 09 01 93 DE 04 01 13 DC 33 00
33 4C DC 01 13 73 1C 00 33 0D 60 40 B3 76 9D 01
13 DE 1E 00 B3 C7 C6 01 93 92 07 01 93 DD 02 01
13 D8 43 00 33 48 B8 01 13 79 18 00 B3 04 20 41
B3 FE 94 01 13 DC 1D 00 33 C3 8E 01 13 1D 03 01
13 5E 0D 01 13 D6 53 00 33 46 C6 01 93 76 16 00
B3 07 D0 40 B3 F2 97 01 93 5D 1E 00 33 C8 B2 01
13 19 08 01 93 54 09 01 13 D7 63 00 25 8F 93 7E
17 00 33 0C D0 41 33 73 9C 01 13 DD 14 00 33 4E
A3 01 13 16 0E 01 93 56 06 01 93 D3 73 00 B3 C3
D3 00 93 F7 13 00 B3 02 F0 40 B3 FC 92 01 93 DD
16 00 33 C8 BC 01 13 19 08 01 13 57 09 01 19 E1
6F 20 00 02 13 13 15 00 13 1C 25 00 33 0D 43 01
33 06 7C 01 5E 83 81 4E 33 0E 4D 41 93 06 EE FF
93 D3 16 00 93 87 13 00 93 92 1E 00 93 FC 77 00
D2 86 B3 87 58 00 81 42 63 85 0C 0A 85 4D 63 87
BC 09 09 48 63 8B 0C 07 0D 49 63 8F 2C 05 91 44
63 83 9C 04 15 4C 63 87 8C 03 19 4E 63 8B CC 01
83 93 07 00 83 1C 0A 00 89 07 93 06 2A 00 B3 82
93 03 83 9D 07 00 03 98 06 00 89 07 89 06 33 89
0D 03 CA 92 83 94 07 00 03 9C 06 00 89 07 89 06
33 8E 84 03 F2 92 83 9C 07 00 83 93 06 00 89 07
89 06 B3 8D 7C 02 EE 92 03 98 07 00 03 99 06 00
89 07 89 06 B3 04 28 03 A6 92 03 9C 07 00 03 9E
06 00 89 07 89 06 B3 0C CC 03 E6 92 83 9D 07 00
83 93 06 00 89 06 89 07 33 88 7D 02 C2 92 63 05
DD 08 03 9C 07 00 83 94 06 00 03 9E 26 00 03 99
27 00 B3 0C 9C 02 83 9D 47 00 03 9C 46 00 83 93
67 00 C1 06 C1 07 33 09 C9 03 03 9E 66 FF 33 88
92 01 83 92 87 FF B3 84 8D 03 83 9D 86 FF B3 0C
28 01 03 99 A6 FF 33 8C C3 03 33 88 9C 00 03 9E
A7 FF 83 93 C7 FF B3 8C B2 03 83 9D C6 FF B3 02
88 01 B3 04 2E 03 03 9E E7 FF 03 99 E6 FF 33 8C
92 01 B3 8C B3 03 33 08 9C 00 B3 02 2E 03 B3 03
98 01 9E 92 E3 1F DD F6 23 20 53 00 11 03 AA 9E
E3 14 66 EA 33 0D A0 40 93 1E 2D 00 13 1E 3D 00
81 43 81 42 81 47 01 43 B3 0D D6 01 B3 06 B6 41
93 84 C6 FF 13 DC 24 00 13 09 1C 00 93 7C 79 00
EE 86 63 8E 0C 5E 05 48 63 8A 0C 0F 09 4D 63 86
AC 0D 8D 44 63 82 9C 0A 11 4C 63 8E 8C 07 15 49
63 8A 2C 05 19 48 63 86 0C 03 9E 86 83 A3 0D 00
C2 07 93 DC 07 01 9E 92 63 44 5F 00 6F 10 70 5E
93 82 AC 00 13 99 02 01 93 57 09 41 81 42 93 86
4D 00 1E 88 83 A3 06 00 C2 07 93 DC 07 01 9E 92
63 51 5F 72 93 82 AC 00 13 99 02 01 93 57 09 41
81 42 91 06 1E 88 83 A3 06 00 C2 07 93 DC 07 01
9E 92 63 57 5F 6E 93 82 AC 00 13 99 02 01 93 57
09 41 81 42 91 06 1E 88 83 A3 06 00 C2 07 93 DC
07 01 9E 92 63 5D 5F 6A 93 82 AC 00 13 99 02 01
93 57 09 41 81 42 91 06 1E 88 83 A3 06 00 C2 07
93 DC 07 01 9E 92 63 53 5F 68 93 82 AC 00 13 99
02 01 93 57 09 41 81 42 91 06 1E 88 83 A3 06 00
C2 07 93 DC 07 01 9E 92 63 59 5F 64 93 82 AC 00
13 99 02 01 93 57 09 41 81 42 91 06 1E 88 83 A3
06 00 C2 07 93 DC 07 01 9E 92 63 5F 5F 60 93 82
AC 00 13 99 02 01 93 57 09 41 81 42 91 06 63 10
D6 4E 05 03 33 86 CD 41 E3 10 65 EC 93 9D 07 01
93 D3 0D 01 93 FE F7 0F 93 D4 83 00 33 CC EE 00
93 72 1C 00 69 79 93 0C 19 00 33 0D 50 40 33 78
9D 01 93 57 17 00 B3 46 F8 00 13 97 06 01 13 5E
07 01 13 D6 1E 00 B3 4D C6 01 93 F3 1D 00 33 0C
70 40 B3 72 9C 01 13 59 1E 00 33 CD 22 01 93 17
0D 01 93 D6 07 01 13 D3 2E 00 33 47 D3 00 13 7E
17 00 33 06 C0 41 33 73 96 01 93 DD 16 00 B3 43
B3 01 13 9C 03 01 93 52 0C 01 13 D8 3E 00 33 4D
58 00 93 77 1D 00 B3 06 F0 40 33 F8 96 01 13 D7
12 00 33 4E E8 00 13 16 0E 01 93 5D 06 01 13 D9
4E 00 B3 43 B9 01 13 FC 13 00 B3 02 80 41 33 F9
92 01 13 DD 1D 00 B3 47 A9 01 93 96 07 01 13 D7
06 01 13 D3 5E 00 33 4E E3 00 13 76 1E 00 B3 0D
C0 40 33 F3 9D 01 93 53 17 00 33 4C 73 00 93 12
0C 01 13 D9 02 01 13 D8 6E 00 B3 47 28 01 93 F6
17 00 33 07 D0 40 33 78 97 01 13 5E 19 00 33 46
C8 01 93 1D 06 01 13 D3 0D 01 93 DE 7E 00 B3 CE
6E 00 13 FC 1E 00 B3 02 80 41 33 F9 92 01 93 57
13 00 B3 46 F9 00 13 97 06 01 13 5E 07 01 33 C8
C4 01 13 76 18 00 33 03 C0 40 B3 7E 93 01 13 5C
1E 00 B3 C2 8E 01 13 99 02 01 93 57 09 01 13 DD
14 00 33 4D FD 00 13 77 1D 00 33 0E E0 40 33 78
9E 01 13 D6 17 00 33 43 C8 00 93 1E 03 01 13 DC
0E 01 93 D3 24 00 B3 C3 83 01 13 F9 13 00 B3 07
20 41 33 FD 97 01 13 57 1C 00 33 4E ED 00 13 18
0E 01 13 56 08 01 93 DD 34 00 B3 CD CD 00 13 F3
1D 00 33 0C 60 40 B3 73 9C 01 13 59 16 00 B3 C7
23 01 13 9D 07 01 13 57 0D 01 93 D6 44 00 B9 8E
13 FE 16 00 33 08 C0 41 33 76 98 01 93 5D 17 00
33 43 B6 01 13 1C 03 01 93 53 0C 01 93 D2 54 00
B3 C2 72 00 13 F9 12 00 B3 07 20 41 33 FD 97 01
13 D7 13 00 B3 46 ED 00 13 9E 06 01 13 58 0E 01
93 DE 64 00 B3 CE 0E 01 13 F6 1E 00 B3 0D C0 40
33 F3 9D 01 13 5C 18 00 B3 43 83 01 93 92 03 01
13 D9 02 01 9D 80 B3 C4 24 01 93 F7 14 00 33 0D
F0 40 B3 7C 9D 01 13 57 19 00 B3 C6 EC 00 13 9E
06 01 93 56 0E 01 01 4C 81 44 63 05 05 42 13 16
15 00 B3 83 C8 00 C6 84 01 4C 81 4C 4E C4 93 19
2C 00 DE 99 D2 82 01 49 33 88 93 40 93 0E E8 FF
93 DD 1E 00 13 83 1D 00 13 7D 73 00 96 87 26 88
01 43 63 06 0D 0A 05 47 63 08 ED 08 09 4E 63 0C
CD 07 8D 4E 63 00 DD 07 91 4D 63 04 BD 05 15 47
63 08 ED 02 19 4E 63 0C CD 01 03 93 04 00 03 9D
02 00 13 88 24 00 B3 87 C2 00 33 03 A3 03 83 1D
08 00 83 9E 07 00 09 08 B2 97 33 87 DD 03 3A 93
03 1E 08 00 03 9D 07 00 09 08 B2 97 B3 0D AE 03
6E 93 03 17 08 00 83 9E 07 00 09 08 B2 97 33 0E
D7 03 72 93 03 1D 08 00 83 9D 07 00 09 08 B2 97
33 07 BD 03 3A 93 03 1E 08 00 83 9E 07 00 09 08
B2 97 33 0D DE 03 6A 93 83 1D 08 00 03 97 07 00
09 08 B2 97 33 8E ED 02 72 93 63 0A 78 08 83 1E
08 00 03 9D 07 00 33 87 C7 00 83 1D 07 00 B3 07
C7 00 33 87 AE 03 83 1E 28 00 03 9D 07 00 03 1E
48 00 B2 97 41 08 B3 8E BE 03 1A 97 83 9D 07 00
03 13 68 FF B2 97 33 0E AE 03 76 97 03 9D 07 00
83 1E 88 FF B2 97 33 03 B3 03 72 97 83 9D 07 00
03 1E A8 FF B2 97 B3 8E AE 03 1A 97 03 9D 07 00
03 13 C8 FF B2 97 33 0E BE 03 76 97 83 1D E8 FF
83 9E 07 00 B2 97 33 0D A3 03 33 03 C7 01 33 8E
DD 03 33 07 A3 01 33 03 C7 01 E3 1A 78 F6 23 A0
69 00 93 07 19 00 91 09 89 02 63 0D F5 20 3E 89
61 BD B3 A3 03 01 33 8D 7C 00 83 AC 46 00 93 14
0D 01 13 D9 04 41 93 17 09 01 33 0D 9C 01 93 D3
07 01 91 06 63 58 AF 11 13 8C A3 00 03 A8 46 00
93 17 0C 01 13 D9 07 41 01 4D 93 13 09 01 42 9D
93 D4 03 01 63 59 AF 11 93 87 A4 00 83 AC 86 00
93 93 07 01 13 DC 03 41 01 4D 93 14 0C 01 66 9D
13 D9 04 01 63 5A AF 11 93 03 A9 00 03 A9 C6 00
93 94 03 01 93 D7 04 41 01 4D 13 98 07 01 4A 9D
13 5C 08 01 63 5B AF 11 93 03 AC 00 03 AC 06 01
13 98 03 01 93 54 08 41 01 4D 93 9C 04 01 62 9D
93 D7 0C 01 63 5C AF 11 13 88 A7 00 03 A9 46 01
93 1C 08 01 93 D3 0C 41 01 4D 93 97 03 01 4A 9D
93 D4 07 01 63 5D AF 11 93 8C A4 00 83 A3 86 01
93 97 0C 01 13 D8 07 41 01 4D 93 14 08 01 B3 02
7D 00 13 DC 04 01 63 5E 5F 10 93 0C AC 00 93 94
0C 01 93 D7 04 41 81 42 F1 06 E3 04 D6 B2 03 A8
06 00 C2 07 93 DC 07 01 33 8C 02 01 E3 5B 8F EF
13 8C AC 00 83 AC 46 00 93 12 0C 01 13 D9 02 41
01 4C 93 17 09 01 33 0D 9C 01 93 D3 07 01 91 06
E3 4C AF EF 33 28 98 01 B3 84 03 01 03 A8 46 00
93 92 04 01 13 D9 02 41 93 13 09 01 42 9D 93 D4
03 01 E3 4B AF EF B3 AC 0C 01 B3 82 94 01 83 AC
86 00 13 99 02 01 13 5C 09 41 93 14 0C 01 66 9D
13 D9 04 01 E3 4A AF EF 33 28 98 01 B3 02 09 01
03 A9 C6 00 13 9C 02 01 93 57 0C 41 13 98 07 01
4A 9D 13 5C 08 01 E3 49 AF EF B3 AC 2C 01 B3 02
9C 01 03 AC 06 01 93 97 02 01 93 D4 07 41 93 9C
04 01 62 9D 93 D7 0C 01 E3 48 AF EF 33 29 89 01
B3 82 27 01 03 A9 46 01 93 94 02 01 93 D3 04 41
93 97 03 01 4A 9D 93 D4 07 01 E3 47 AF EF 33 2C
2C 01 B3 82 84 01 93 93 02 01 13 D8 03 41 83 A3
86 01 93 14 08 01 13 DC 04 01 B3 02 7D 00 E3 46
5F EE 33 29 79 00 33 0D 2C 01 13 18 0D 01 93 57
08 41 DD B5 B2 94 2A 9C B3 03 C8 00 93 89 1C 00
E3 81 2C 37 CE 8C A5 B1 33 2D 78 00 B3 84 AC 01
13 9C 04 01 93 57 0C 41 D5 B2 33 2D 78 00 B3 84
AC 01 13 9C 04 01 93 57 0C 41 45 BA 33 2D 78 00
B3 84 AC 01 13 9C 04 01 93 57 0C 41 B5 BA 33 2D
78 00 B3 84 AC 01 13 9C 04 01 93 57 0C 41 A1 B2
33 2D 78 00 B3 84 AC 01 13 9C 04 01 93 57 0C 41
11 BA 33 2D 78 00 B3 84 AC 01 13 9C 04 01 93 57
0C 41 C5 B0 13 93 07 01 93 52 03 01 93 F4 F7 0F
13 DC 82 00 B3 CD D4 00 93 F7 1D 00 E9 73 13 87
13 00 33 0D F0 40 33 79 ED 00 85 82 33 4E D9 00
93 1E 0E 01 13 D8 0E 01 93 D2 14 00 B3 CC 02 01
13 F6 1C 00 B3 0D C0 40 B3 F7 ED 00 93 53 18 00
33 CD 77 00 93 16 0D 01 13 D9 06 01 13 D3 24 00
B3 4E 23 01 13 F8 1E 00 B3 02 00 41 33 F3 E2 00
93 5C 19 00 33 46 93 01 93 1D 06 01 93 D7 0D 01
13 DE 34 00 33 4D FE 00 93 76 1D 00 33 09 D0 40
33 7E E9 00 93 DE 17 00 33 48 DE 01 93 12 08 01
93 DC 02 01 93 D3 44 00 33 C6 93 01 93 7D 16 00
B3 07 B0 41 B3 F3 E7 00 13 DD 1C 00 B3 C6 A3 01
13 99 06 01 13 5E 09 01 13 D3 54 00 33 48 C3 01
93 72 18 00 B3 0C 50 40 33 F3 EC 00 13 56 1E 00
B3 4D C3 00 93 97 0D 01 93 D3 07 01 93 DE 64 00
B3 C6 7E 00 13 F9 16 00 33 0E 20 41 B3 7E EE 00
13 D8 13 00 B3 C2 0E 01 93 9C 02 01 13 D3 0C 01
9D 80 B3 C4 64 00 13 F6 14 00 B3 07 C0 40 B3 F3
E7 00 93 56 13 00 33 C9 D3 00 13 1E 09 01 93 5E
0E 01 33 48 DC 01 93 7C 18 00 33 03 90 41 B3 74
E3 00 13 D6 1E 00 B3 C7 C4 00 93 93 07 01 13 D9
03 01 13 5D 1C 00 33 4D 2D 01 93 76 1D 00 33 0E
D0 40 33 78 EE 00 93 5C 19 00 33 43 98 01 93 14
03 01 93 D7 04 01 93 5D 2C 00 B3 CD FD 00 93 F3
1D 00 33 09 70 40 33 7D E9 00 93 D6 17 00 33 4E
DD 00 13 18 0E 01 93 5C 08 01 93 52 3C 00 B3 C2
92 01 13 F3 12 00 B3 07 60 40 B3 FD E7 00 93 D3
1C 00 33 C9 7D 00 13 1D 09 01 93 56 0D 01 93 5E
4C 00 B3 CE DE 00 13 FE 1E 00 33 08 C0 41 B3 7C
E8 00 93 D2 16 00 33 C3 5C 00 93 17 03 01 93 DD
07 01 13 56 5C 00 33 46 B6 01 93 73 16 00 33 09
70 40 33 7D E9 00 93 D6 1D 00 B3 4E DD 00 13 9E
0E 01 13 58 0E 01 93 54 6C 00 B3 C4 04 01 93 FC
14 00 B3 02 90 41 33 F3 E2 00 93 57 18 00 B3 4D
F3 00 13 96 0D 01 93 53 06 01 13 5C 7C 00 33 4C
7C 00 13 79 1C 00 33 0D 20 41 93 D6 13 00 33 77
ED 00 B3 4E D7 00 13 9E 0E 01 93 5E 0E 01 81 43
63 0E 05 18 13 1E 15 00 B3 82 C8 01 C6 84 01 4C
81 4C 4E C4 7E C6 93 15 2C 00 B3 89 75 01 D2 83
01 49 B3 8F 92 40 13 88 EF FF 13 53 18 00 93 07
13 00 93 FD 37 00 9E 86 26 88 81 47 63 84 0D 08
05 46 63 8C CD 04 09 4D 63 86 AD 03 03 97 04 00
83 95 03 00 13 88 24 00 B3 86 C3 01 B3 0F B7 02
13 D3 2F 40 93 DD 5F 40 93 77 F3 00 13 F6 FD 07
B3 87 C7 02 03 1D 08 00 03 97 06 00 09 08 F2 96
B3 05 ED 02 93 DF 25 40 13 D3 55 40 93 FD FF 00
13 76 F3 07 33 8D CD 02 EA 97 03 17 08 00 83 95
06 00 09 08 F2 96 B3 0F B7 02 13 D3 2F 40 93 DD
5F 40 13 76 F3 00 13 FD FD 07 33 07 A6 03 BA 97
63 02 58 0A 83 1F 08 00 03 96 06 00 B3 85 C6 01
03 1D 28 00 33 87 CF 02 03 93 05 00 B3 86 C5 01
03 16 48 00 83 9D 06 00 F2 96 21 08 B3 05 6D 02
13 53 57 40 03 9D 06 00 93 5F 27 40 13 77 F3 07
03 13 E8 FF 93 FF FF 00 F2 96 B3 0D B6 03 13 D6
25 40 95 85 93 F5 F5 07 33 03 A3 03 13 7D F6 00
33 87 EF 02 93 DF 2D 40 93 DD 5D 40 13 F6 FD 07
93 FF FF 00 33 0D BD 02 B3 85 E7 00 93 57 23 40
13 53 53 40 93 FD F7 00 93 77 F3 07 B3 8F CF 02
33 87 A5 01 33 86 FD 02 33 0D F7 01 B3 07 CD 00
E3 12 58 F6 23 A0 F9 00 93 06 19 00 91 09 89 03
63 04 D5 00 36 89 75 B5 F2 94 2A 9C B3 02 C8 01
93 89 1C 00 E3 8E 2C 2F CE 8C 71 B5 13 98 05 01
93 5D 08 01 93 F5 F5 0F 93 D3 8D 00 33 C6 D5 01
93 77 16 00 E9 72 93 84 12 00 33 0D F0 40 33 77
9D 00 13 DC 1E 00 33 43 87 01 13 19 03 01 93 5E
09 01 13 DF 15 00 B3 4D DF 01 13 F8 1D 00 B3 0C
00 41 33 FA 9C 00 93 DB 1E 00 33 4E 7A 01 13 16
0E 01 93 57 06 01 93 D6 25 00 33 CC F6 00 13 77
1C 00 33 03 E0 40 33 79 93 00 93 DE 17 00 33 4F
D9 01 93 16 0F 01 93 DD 06 01 93 D2 35 00 33 CA
B2 01 93 7B 1A 00 33 0E 70 41 33 76 9E 00 93 D7
1D 00 B3 42 F6 00 13 9C 02 01 13 57 0C 01 13 DD
45 00 13 D8 55 00 93 DC 65 00 13 D9 75 00 B3 45
ED 00 13 FD 15 00 33 03 A0 41 B3 7E 93 00 93 56
17 00 B3 CD DE 00 13 9A 0D 01 93 5B 0A 01 33 48
78 01 13 7E 18 00 33 06 C0 41 B3 77 96 00 13 DC
1B 00 33 C7 87 01 93 15 07 01 13 DD 05 01 B3 CC
AC 01 13 F3 1C 00 B3 0E 60 40 B3 F6 9E 00 13 5A
1D 00 B3 CB 46 01 13 98 0B 01 13 5E 08 01 33 49
C9 01 13 76 19 00 B3 07 C0 40 33 F7 97 00 93 55
1E 00 33 4D B7 00 93 1C 0D 01 13 D3 0C 01 B3 CE
63 00 93 F6 1E 00 B3 0B D0 40 33 F8 9B 00 13 5E
13 00 33 49 C8 01 13 16 09 01 13 57 06 01 13 DF
13 00 33 4F EF 00 93 77 1F 00 B3 05 F0 40 B3 FC
95 00 13 53 17 00 B3 CE 6C 00 93 96 0E 01 93 DB
06 01 93 D2 23 00 B3 C2 72 01 13 F8 12 00 33 0E
00 41 33 79 9E 00 13 D6 1B 00 33 47 C9 00 13 1F
07 01 93 57 0F 01 93 DD 33 00 B3 CD FD 00 93 F5
1D 00 B3 0C B0 40 B3 FE 9C 00 13 D3 17 00 B3 C6
6E 00 93 9B 06 01 93 D2 0B 01 13 DC 43 00 33 4C
5C 00 13 78 1C 00 33 0E 00 41 33 79 9E 00 13 D6
12 00 33 47 C9 00 13 1F 07 01 93 57 0F 01 13 DA
53 00 33 4A FA 00 93 7D 1A 00 B3 05 B0 41 B3 FC
95 00 93 DE 17 00 33 C3 DC 01 93 16 03 01 13 DD
63 00 93 DB 06 01 33 4D 7D 01 93 72 1D 00 33 0C
50 40 33 78 9C 00 13 DE 1B 00 33 49 C8 01 13 16
09 01 13 57 06 01 93 D3 73 00 B3 C3 E3 00 13 FF
13 00 B3 07 E0 41 FD 8C 13 5A 17 00 B3 CD 44 01
93 95 0D 01 93 D7 05 01 63 08 05 12 93 1E 15 00
B3 0C A0 40 B3 86 D8 01 13 9F 2C 00 01 4E B3 8B
D6 41 B3 88 76 41 13 83 E8 FF 13 5D 13 00 93 02
1D 00 13 FC 72 00 5E 87 63 08 0C 08 05 48 63 0C
0C 07 09 49 63 02 2C 07 0D 46 63 08 CC 04 91 43
63 0E 7C 02 95 44 63 04 9C 02 19 4A 63 0A 4C 01
83 DD 0B 00 13 87 2B 00 B3 85 FD 41 23 90 BB 00
83 5C 07 00 09 07 B3 88 FC 41 23 1F 17 FF 03 53
07 00 09 07 33 0D F3 41 23 1F A7 FF 83 52 07 00
09 07 33 8C F2 41 23 1F 87 FF 03 58 07 00 09 07
33 09 F8 41 23 1F 27 FF 03 56 07 00 09 07 B3 03
F6 41 23 1F 77 FE 83 54 07 00 09 07 33 8A F4 41
23 1F 47 FF 63 05 D7 06 83 5D 07 00 83 55 27 00
83 5C 47 00 03 5D 67 00 03 53 87 00 83 58 A7 00
03 58 C7 00 03 56 E7 00 33 8C FD 41 33 89 F5 41
B3 83 FC 41 B3 02 FD 41 B3 04 F3 41 33 8A F8 41
B3 0D F8 41 B3 05 F6 41 23 10 87 01 23 11 27 01
23 12 77 00 23 13 57 00 23 14 97 00 23 15 47 01
23 16 B7 01 23 17 B7 00 41 07 E3 1F D7 F8 05 0E
B3 86 EB 41 E3 15 C5 EF 93 FB F7 0F 33 C7 8B 00
13 75 17 00 E9 7E 93 8F 1E 00 33 0F A0 40 B3 7C
FF 01 05 80 33 CD 8C 00 13 13 0D 01 93 58 03 01
13 DC 1B 00 B3 43 1C 01 93 F2 13 00 B3 04 50 40
33 FA F4 01 13 D8 18 00 33 46 0A 01 93 1D 06 01
93 D5 0D 01 13 D9 2B 00 B3 46 B9 00 13 F5 16 00
B3 0E A0 40 33 FF FE 01 13 D4 15 00 B3 4C 8F 00
13 9D 0C 01 13 53 0D 01 13 DE 3B 00 33 49 6E 00
93 73 19 00 B3 02 70 40 B3 F4 F2 01 13 5A 13 00
33 C8 44 01 13 16 08 01 93 5D 06 01 13 D7 4B 00
B3 45 B7 01 13 FE 15 00 33 07 C0 41 B3 76 F7 01
13 D5 1D 00 B3 CE A6 00 13 9F 0E 01 13 54 0F 01
93 D8 5B 00 33 C3 88 00 93 78 13 00 33 09 10 41
B3 73 F9 01 93 52 14 00 B3 C4 53 00 13 9A 04 01
13 56 0A 01 13 DC 6B 00 33 4C CC 00 93 75 1C 00
33 0E B0 40 33 77 FE 01 93 56 16 00 33 45 D7 00
93 1E 05 01 13 DF 0E 01 93 DB 7B 00 B3 CB EB 01
13 F4 1B 00 33 03 80 40 B3 78 F3 01 93 52 1F 00
B3 C4 58 00 13 9A 04 01 A1 83 13 56 0A 01 93 DC
17 00 13 DD 27 00 93 DD 37 00 13 D8 47 00 13 D9
57 00 93 D3 67 00 13 DC 77 00 B1 8F 13 FE 17 00
33 07 C0 41 B3 76 F7 01 13 55 16 00 B3 CE A6 00
13 9F 0E 01 93 5B 0F 01 B3 CC 7C 01 13 F3 1C 00
B3 08 60 40 B3 F2 F8 01 93 D4 1B 00 33 CA 92 00
13 16 0A 01 13 5E 06 01 33 4D CD 01 93 77 1D 00
33 07 F0 40 B3 76 F7 01 13 55 1E 00 B3 CE A6 00
13 9F 0E 01 93 5B 0F 01 B3 CD 7D 01 93 FC 1D 00
33 03 90 41 B3 78 F3 01 93 D2 1B 00 B3 C4 58 00
13 9A 04 01 13 56 0A 01 33 48 C8 00 13 7E 18 00
33 0D C0 41 B3 77 FD 01 13 57 16 00 B3 C6 E7 00
13 95 06 01 93 5E 05 01 33 49 D9 01 13 7F 19 00
B3 0B E0 41 B3 FD FB 01 93 DC 1E 00 33 C3 9D 01
93 18 03 01 93 D2 08 01 B3 C3 53 00 93 F4 13 00
33 0A 90 40 33 78 FA 01 13 D6 12 00 33 4E C8 00
13 1D 0E 01 93 57 0D 01 33 4C FC 00 13 77 1C 00
B3 06 E0 40 B3 FF F6 01 13 D5 17 00 83 D5 CA 03
B3 CE AF 00 13 99 0E 01 03 D4 8A 03 13 5F 09 01
99 E1 23 9E EA 03 93 15 0F 01 93 D2 05 41 6F E0
BF AC 81 42 81 43 B3 8E C6 40 B3 8D D6 41 93 87
ED FF 13 D9 17 00 93 04 19 00 13 FC 74 00 13 97
22 00 F6 84 B3 07 77 01 63 0F 0C 08 85 4C 63 02
9C 09 09 4D 63 07 AC 07 8D 4D 63 0C BC 05 11 49
63 01 2C 05 15 47 63 06 EC 02 99 4C 63 0B 9C 01
03 9C 0E 00 93 84 2E 00 91 07 33 0D FC 03 23 AE
A7 FF 83 9D 04 00 91 07 89 04 33 89 FD 03 23 AE
27 FF 03 97 04 00 91 07 89 04 B3 0C F7 03 23 AE
97 FF 03 9C 04 00 91 07 89 04 33 0D FC 03 23 AE
A7 FF 83 9D 04 00 91 07 89 04 33 89 FD 03 23 AE
27 FF 03 97 04 00 91 07 89 04 B3 0C F7 03 23 AE
97 FF 03 9C 04 00 89 04 91 07 33 0D FC 03 23 AE
A7 FF 63 87 96 06 03 99 04 00 03 97 24 00 83 9D
44 00 33 09 F9 03 03 9D 64 00 83 9C 84 00 03 9C
A4 00 C1 04 93 87 07 02 33 07 F7 03 23 A0 27 FF
03 99 C4 FF B3 8D FD 03 23 A2 E7 FE 03 97 E4 FF
33 0D FD 03 23 A4 B7 FF B3 8C FC 03 23 A6 A7 FF
33 0C FC 03 23 A8 97 FF 33 09 F9 03 23 AA 87 FF
B3 0D F7 03 23 AC 27 FF 23 AE B7 FF E3 9D 96 F8
B3 86 CE 41 C2 92 93 8E 13 00 63 06 73 7C F6 83
D9 B5 A2 49 B3 0C A0 40 13 16 25 00 5E 96 93 9E
2C 00 13 9E 3C 00 81 42 81 44 81 47 01 43 33 08
D6 01 B3 0D 06 41 13 8D CD FF 13 57 2D 00 13 0C
17 00 93 73 7C 00 42 87 63 84 03 22 85 4C 63 88
93 0F 89 4D 63 84 B3 0D 0D 4D 63 80 A3 0B 11 4C
63 8C 83 07 95 4C 63 88 93 05 99 4D 63 84 B3 03
16 87 83 22 08 00 C2 07 93 D3 07 01 96 94 E3 54
9F 34 93 84 A3 00 93 9D 04 01 93 D7 0D 41 81 44
13 07 48 00 96 83 83 22 07 00 C2 07 13 DD 07 01
96 94 63 5E 9F 32 93 04 AD 00 93 93 04 01 93 D7
03 41 81 44 11 07 16 8D 83 22 07 00 C2 07 13 DC
07 01 96 94 63 54 9F 30 93 04 AC 00 13 9D 04 01
93 57 0D 41 81 44 11 07 16 8C 83 22 07 00 C2 07
93 DC 07 01 96 94 63 5A 9F 2C 93 84 AC 00 13 9C
04 01 93 57 0C 41 81 44 11 07 96 8C 83 22 07 00
C2 07 93 DD 07 01 96 94 63 50 9F 2A 93 84 AD 00
93 9C 04 01 93 D7 0C 41 81 44 11 07 96 8D 83 22
07 00 C2 07 13 DD 07 01 96 94 63 56 9F 26 93 04
AD 00 93 9D 04 01 93 D7 0D 41 81 44 11 07 16 8D
83 22 07 00 C2 07 13 DC 07 01 96 94 63 5C 9F 22
93 04 AC 00 13 9D 04 01 93 57 0D 41 81 44 11 07
63 18 E6 10 33 06 C8 41 13 08 13 00 63 0C 69 BA
42 83 75 BD B3 A2 82 01 B3 8C 53 00 83 22 47 00
93 9D 0C 01 93 D7 0D 41 93 93 07 01 B3 8D 54 00
93 DC 03 01 11 07 63 57 BF 11 03 2C 47 00 93 83
AC 00 93 9C 03 01 93 D4 0C 41 81 4D 13 9D 04 01
E2 9D 93 57 0D 01 63 58 BF 11 83 22 87 00 13 8D
A7 00 93 17 0D 01 93 DC 07 41 81 4D 93 94 0C 01
96 9D 93 DC 04 01 63 59 BF 11 03 2C C7 00 93 84
AC 00 93 9C 04 01 93 D7 0C 41 81 4D 93 93 07 01
E2 9D 13 DD 03 01 63 5A BF 11 83 22 07 01 93 03
AD 00 13 9D 03 01 93 5C 0D 41 81 4D 93 97 0C 01
96 9D 93 DC 07 01 63 5B BF 11 03 2C 47 01 93 87
AC 00 93 9C 07 01 13 DD 0C 41 81 4D 93 14 0D 01
E2 9D 93 D3 04 01 63 5C BF 11 93 84 A3 00 83 22
87 01 93 93 04 01 93 DC 03 41 81 4D 13 9D 0C 01
B3 84 5D 00 93 57 0D 01 63 5D 9F 10 93 83 A7 00
13 9D 03 01 93 57 0D 41 81 44 71 07 E3 0C E6 EE
03 2C 07 00 C2 07 93 D3 07 01 E2 94 E3 5C 9F EE
93 84 A3 00 83 22 47 00 13 9D 04 01 93 57 0D 41
81 44 93 93 07 01 B3 8D 54 00 93 DC 03 01 11 07
E3 4D BF EF 33 2C 5C 00 33 8D 8C 01 03 2C 47 00
93 17 0D 01 93 D4 07 41 13 9D 04 01 E2 9D 93 57
0D 01 E3 4C BF EF B3 A2 82 01 B3 84 57 00 83 22
87 00 93 93 04 01 93 DC 03 41 93 94 0C 01 96 9D
93 DC 04 01 E3 4B BF EF 33 2C 5C 00 B3 83 8C 01
03 2C C7 00 13 9D 03 01 93 57 0D 41 93 93 07 01
E2 9D 13 DD 03 01 E3 4A BF EF B3 A2 82 01 B3 07
5D 00 83 22 07 01 93 94 07 01 93 DC 04 41 93 97
0C 01 96 9D 93 DC 07 01 E3 49 BF EF 33 2C 5C 00
B3 84 8C 01 03 2C 47 01 93 93 04 01 13 DD 03 41
93 14 0D 01 E2 9D 93 D3 04 01 E3 48 BF EF B3 A2
82 01 33 8D 53 00 83 22 87 01 93 17 0D 01 93 DC
07 41 13 9D 0C 01 B3 84 5D 00 93 57 0D 01 E3 47
9F EE 33 2C 5C 00 B3 8D 87 01 93 9C 0D 01 93 D7
0C 41 E5 B5 B3 23 5D 00 B3 0C 7C 00 93 9D 0C 01
93 D7 0D 41 E9 B3 B3 A3 5D 00 33 0C 7D 00 93 1C
0C 01 93 D7 0C 41 59 BB B3 A3 5C 00 33 8D 7D 00
13 1C 0D 01 93 57 0C 41 8D B3 B3 2D 5C 00 B3 83
BC 01 13 9D 03 01 93 57 0D 41 3D B3 B3 2C 5D 00
B3 0D 9C 01 93 93 0D 01 93 D7 03 41 ED B9 33 AC
53 00 B3 0C 8D 01 93 9D 0C 01 93 D7 0D 41 D9 B1
A2 49 B2 4F B3 0C A0 40 13 1A 25 00 B3 86 4B 01
13 9E 2C 00 13 93 3C 00 81 43 81 42 81 45 01 48
B3 8B C6 01 B3 8D 76 41 93 87 CD FF 13 D7 27 00
13 06 17 00 13 7D 76 00 5E 87 63 07 0D 22 85 44
63 0C 9D 0E 09 4C 63 07 8D 0D 0D 4A 63 03 4D 0B
91 4C 63 0E 9D 07 95 4D 63 09 BD 05 99 47 63 04
FD 02 1E 87 83 A3 0B 00 C2 05 13 D6 05 01 9E 92
63 5D 5F 76 93 02 A6 00 13 9A 02 01 93 55 0A 41
81 42 13 87 4B 00 9E 8C 83 23 07 00 93 9D 05 01
93 D5 0D 01 9E 92 63 5F 5F 32 93 84 A5 00 13 9C
04 01 93 55 0C 41 81 42 11 07 1E 8A 83 23 07 00
93 9C 05 01 93 DD 0C 01 9E 92 63 54 5F 30 93 82
AD 00 13 9D 02 01 93 55 0D 41 81 42 11 07 9E 84
83 23 07 00 13 9C 05 01 13 5A 0C 01 9E 92 63 5A
5F 2C 93 07 AA 00 13 96 07 01 93 55 06 41 81 42
11 07 1E 8D 83 23 07 00 93 94 05 01 13 DC 04 01
9E 92 63 5F 5F 28 93 02 AC 00 93 95 02 01 C1 85
81 42 11 07 9E 87 83 23 07 00 13 96 05 01 13 5D
06 01 9E 92 63 55 5F 26 93 0C AD 00 93 9D 0C 01
93 D5 0D 41 81 42 11 07 9E 87 83 23 07 00 C2 05
13 D6 05 01 9E 92 63 5B 5F 22 93 02 A6 00 13 9A
02 01 93 55 0A 41 81 42 11 07 63 97 E6 10 B3 86
6B 40 93 0B 18 00 63 03 09 BB 5E 88 55 BD B3 A3
93 01 B3 85 77 00 03 2A 47 00 13 96 05 01 13 5C
06 41 93 1D 0C 01 B3 83 42 01 93 D7 0D 01 11 07
63 57 7F 10 93 84 A7 00 83 2D 47 00 13 9C 04 01
13 5D 0C 41 81 43 93 12 0D 01 B3 8C B3 01 93 D7
02 01 63 58 9F 11 13 8D A7 00 03 2C 87 00 93 14
0D 01 13 D6 04 41 81 4C 93 12 06 01 E2 9C 93 D7
02 01 63 59 9F 11 93 85 A7 00 44 47 13 9D 05 01
13 56 0D 41 81 4C 93 12 06 01 A6 9C 93 D7 02 01
63 5A 9F 11 93 83 A7 00 03 2D 07 01 93 95 03 01
13 D6 05 41 81 4C 93 12 06 01 EA 9C 93 D7 02 01
63 5B 9F 11 13 86 A7 00 4C 4B 93 13 06 01 13 DA
03 41 81 4C 93 12 0A 01 AE 9C 93 D7 02 01 63 5C
9F 11 13 8A A7 00 83 23 87 01 13 16 0A 01 93 5D
06 41 93 92 0D 01 81 4C 93 D7 02 01 B3 82 7C 00
63 5D 5F 10 93 84 A7 00 13 9C 04 01 93 55 0C 41
81 42 71 07 E3 8D E6 EE 83 2C 07 00 93 9D 05 01
93 D7 0D 01 E6 92 E3 5C 5F EE 03 2A 47 00 13 8D
A7 00 93 14 0D 01 13 DC 04 41 81 42 93 1D 0C 01
B3 83 42 01 93 D7 0D 01 11 07 E3 4D 7F EE B3 AC
4C 01 B3 85 97 01 83 2D 47 00 13 96 05 01 13 5D
06 41 93 12 0D 01 B3 8C B3 01 93 D7 02 01 E3 4C
9F EF 33 2A BA 01 B3 83 47 01 03 2C 87 00 93 95
03 01 13 D6 05 41 93 12 06 01 E2 9C 93 D7 02 01
E3 4B 9F EF B3 AD 8D 01 33 8A B7 01 44 47 93 13
0A 01 13 D6 03 41 93 12 06 01 A6 9C 93 D7 02 01
E3 4A 9F EF 33 2C 9C 00 B3 8D 87 01 03 2D 07 01
13 9A 0D 01 13 56 0A 41 93 12 06 01 EA 9C 93 D7
02 01 E3 49 9F EF B3 A4 A4 01 33 8C 97 00 4C 4B
93 1D 0C 01 13 DA 0D 41 93 12 0A 01 AE 9C 93 D7
02 01 E3 48 9F EF 33 2D BD 00 B3 84 A7 01 83 23
87 01 13 9C 04 01 93 5D 0C 41 93 92 0D 01 93 D7
02 01 B3 82 7C 00 E3 47 5F EE B3 A5 75 00 B3 8C
B7 00 13 9D 0C 01 93 55 0D 41 E5 B5 33 AD 77 00
B3 04 A6 01 13 9C 04 01 93 55 0C 41 F1 B3 B3 A4
77 00 33 0C 9D 00 13 1A 0C 01 93 55 0A 41 61 BB
33 2A 7D 00 B3 0C 4C 01 93 9D 0C 01 93 D5 0D 41
8D B3 B3 AC 74 00 B3 0D 9A 01 93 95 0D 01 C1 85
05 BB B3 25 7A 00 B3 87 BD 00 13 96 07 01 93 55
06 41 ED B9 B3 A7 7C 00 33 86 F5 00 13 1D 06 01
93 55 0D 41 D1 B1 B3 03 00 41 93 96 33 00 33 86
CB 41 81 43 81 42 81 47 81 4E 33 08 C6 01 B3 04
06 41 13 87 C4 FF 13 5D 27 00 93 0C 1D 00 13 FC
7C 00 42 87 63 06 0C 22 05 49 63 08 2C 0F 89 4D
63 04 BC 0D 8D 44 63 00 9C 0A 11 4D 63 0C AC 07
95 4C 63 08 9C 05 19 49 63 04 2C 03 1E 87 83 23
08 00 C2 07 13 DC 07 01 9E 92 63 59 5F 3A 93 02
AC 00 93 9C 02 01 93 D7 0C 41 81 42 13 07 48 00
1E 89 83 23 07 00 C2 07 13 DC 07 01 9E 92 63 51
5F 34 93 02 AC 00 93 9C 02 01 93 D7 0C 41 81 42
11 07 1E 89 83 23 07 00 C2 07 13 DC 07 01 9E 92
63 57 5F 30 93 02 AC 00 93 9C 02 01 93 D7 0C 41
81 42 11 07 1E 89 83 23 07 00 C2 07 13 DC 07 01
9E 92 63 5D 5F 2C 93 02 AC 00 93 9C 02 01 93 D7
0C 41 81 42 11 07 1E 89 83 23 07 00 C2 07 13 DC
07 01 9E 92 63 53 5F 2A 93 02 AC 00 93 9C 02 01
93 D7 0C 41 81 42 11 07 1E 89 83 23 07 00 C2 07
13 DC 07 01 9E 92 63 59 5F 26 93 02 AC 00 93 9C
02 01 93 D7 0C 41 81 42 11 07 1E 89 83 23 07 00
C2 07 13 DC 07 01 9E 92 63 5F 5F 22 93 02 AC 00
93 9C 02 01 93 D7 0C 41 81 42 11 07 63 1A E6 10
33 06 D8 40 13 88 1E 00 63 14 D3 01 6F E0 0F 88
C2 8E 65 BD B3 A3 23 01 B3 0D 7C 00 03 2C 47 00
93 94 0D 01 93 DC 04 41 93 97 0C 01 B3 0D 8D 01
93 D3 07 01 11 07 63 58 BF 11 13 8D A3 00 03 29
47 00 93 17 0D 01 93 DC 07 41 81 4D 93 93 0C 01
CA 9D 93 D4 03 01 63 59 BF 11 93 87 A4 00 03 2C
87 00 93 93 07 01 13 DD 03 41 81 4D 93 14 0D 01
E2 9D 93 DC 04 01 63 5A BF 11 93 83 AC 00 83 2C
C7 00 93 94 03 01 93 D7 04 41 81 4D 13 99 07 01
E6 9D 13 5D 09 01 63 5B BF 11 93 03 AD 00 03 2D
07 01 13 99 03 01 93 54 09 41 81 4D 13 9C 04 01
EA 9D 93 57 0C 01 63 5C BF 11 13 89 A7 00 83 2C
47 01 13 1C 09 01 93 53 0C 41 81 4D 93 97 03 01
E6 9D 93 D4 07 01 63 5D BF 11 13 8C A4 00 83 23
87 01 93 17 0C 01 13 D9 07 41 81 4D 93 14 09 01
B3 82 7D 00 13 DD 04 01 63 5E 5F 10 13 0C AD 00
93 14 0C 01 93 D7 04 41 81 42 71 07 E3 0A E6 EE
03 29 07 00 C2 07 13 DC 07 01 33 8D 22 01 E3 5B
AF EF 13 0D AC 00 03 2C 47 00 93 12 0D 01 93 DC
02 41 01 4D 93 97 0C 01 B3 0D 8D 01 93 D3 07 01
11 07 E3 4C BF EF 33 29 89 01 B3 84 23 01 03 29
47 00 93 92 04 01 93 DC 02 41 93 93 0C 01 CA 9D
93 D4 03 01 E3 4B BF EF 33 2C 2C 01 B3 82 84 01
03 2C 87 00 93 9C 02 01 13 DD 0C 41 93 14 0D 01
E2 9D 93 DC 04 01 E3 4A BF EF 33 29 89 01 B3 82
2C 01 83 2C C7 00 13 9D 02 01 93 57 0D 41 13 99
07 01 E6 9D 13 5D 09 01 E3 49 BF EF 33 2C 9C 01
B3 02 8D 01 03 2D 07 01 93 97 02 01 93 D4 07 41
13 9C 04 01 EA 9D 93 57 0C 01 E3 48 BF EF B3 AC
AC 01 B3 82 97 01 83 2C 47 01 93 94 02 01 93 D3
04 41 93 97 03 01 E6 9D 93 D4 07 01 E3 47 BF EF
33 2D 9D 01 B3 82 A4 01 93 93 02 01 13 D9 03 41
83 23 87 01 93 14 09 01 13 DD 04 01 B3 82 7D 00
E3 46 5F EE B3 AC 7C 00 B3 0D 9D 01 13 99 0D 01
93 57 09 41 DD B5 B3 2D 79 00 B3 04 BC 01 13 9D
04 01 93 57 0D 41 D1 B3 B3 2D 79 00 B3 04 BC 01
13 9D 04 01 93 57 0D 41 41 BB B3 2D 79 00 B3 04
BC 01 13 9D 04 01 93 57 0D 41 B1 BB B3 2D 79 00
B3 04 BC 01 13 9D 04 01 93 57 0D 41 25 B3 B3 2D
79 00 B3 04 BC 01 13 9D 04 01 93 57 0D 41 D5 B9
B3 2D 79 00 B3 04 BC 01 13 9D 04 01 93 57 0D 41
C1 B1 33 AD 76 00 B3 84 AC 01 13 9C 04 01 93 57
0C 41 6F E0 CF A1 33 2D 57 00 33 8C A3 01 93 1C
0C 01 93 D7 0C 41 6F F0 AF CB 33 2D 77 00 B3 04
A6 01 13 9C 04 01 93 55 0C 41 61 B0 B3 2D 77 00
B3 04 BC 01 13 9D 04 01 93 57 0D 41 81 B9 5E 9C
63 F4 8B 01 6F D0 8F BE 5E CE A2 8B 6F D0 0F C5
81 44 81 4E 6F E0 8F AB 5E CE 6F D0 CF BF 83 18
45 00 5D 71 A2 C4 52 DC 5E D6 62 D4 86 C6 A6 C2
CA C0 4E DE 56 DA 5A D8 66 D2 6A D0 6E CE 40 51
2A 8A AE 8B 01 4C E3 52 10 49 FD 57 E3 86 F5 48
E3 00 04 4A 01 45 01 43 81 42 81 4D 05 4D A2 8F
29 A0 83 AF 0F 00 63 82 0F 0E 03 A7 4F 00 03 16
27 00 E3 18 A6 FF 81 43 11 A0 36 84 14 40 23 20
74 00 9E 85 A2 83 F5 FA 63 83 0F 0C 83 A4 4F 00
83 99 04 00 93 FA 19 00 63 8C 0A 00 13 DB 99 40
93 7C 1B 00 33 89 9D 01 13 1D 09 01 93 5D 0D 01
03 AE 0F 00 63 0C 0E 00 83 2E 0E 00 23 A0 DF 01
03 2F 04 00 23 20 EE 01 23 20 C4 01 13 88 12 00
93 1F 08 01 93 D2 0F 01 93 09 15 00 13 95 09 01
41 85 63 4A 06 04 05 06 93 1C 06 01 13 99 09 01
13 DD 0C 41 13 5E 09 01 63 8D A8 06 13 7C FE 0F
62 8B A2 8F 61 76 E3 5C 0D F4 03 AD 4F 00 03 4C
0D 00 E3 02 6C F7 83 AF 0F 00 63 8C 0F 00 03 AD
4F 00 03 4C 0D 00 E3 08 6C F5 83 AF 0F 00 E3 98
0F FE 5A 8C 89 B7 93 9A 09 01 13 DB 0A 01 63 89
A8 02 13 7B FB 0F A2 8F D9 BF 6A 86 2D B7 DC 41
05 03 13 17 03 01 83 86 17 00 13 53 07 01 93 F5
16 00 B3 83 BD 00 93 94 03 01 93 DD 04 01 AD B7
32 8D 93 98 22 00 B3 8E 68 40 F6 9D 13 9F 0D 01
13 58 0F 01 42 C6 85 4F 63 83 FB 55 83 2F 04 00
A2 86 03 A8 0F 00 83 AD 4F 00 83 22 48 00 83 27
08 00 23 A2 5F 00 23 22 B8 01 23 A0 FF 00 23 20
08 00 63 49 0D 5E CC 42 83 93 25 00 63 8A A3 01
94 42 E3 8D 06 2C CC 42 83 93 25 00 E3 9A A3 FF
08 40 03 2B 44 00 E9 74 93 8C 14 00 03 17 0B 00
93 19 07 01 13 D9 09 01 13 76 F7 0F 93 5A 16 00
93 5B 26 00 93 57 36 00 13 5A 46 00 13 5C 56 00
13 5D 66 00 93 53 76 00 93 52 89 00 93 5F 99 00
13 5F A9 00 93 5E B9 00 13 5E C9 00 13 53 D9 00
93 58 E9 00 93 55 F9 00 32 4B 94 42 B3 44 66 01
13 F7 14 00 B3 09 E0 40 B3 F4 99 01 13 59 1B 00
33 CB 24 01 13 17 0B 01 93 59 07 01 B3 C4 3A 01
13 F9 14 00 33 0B 20 41 B3 74 9B 01 13 D7 19 00
B3 C9 E4 00 13 99 09 01 13 5B 09 01 B3 C4 6B 01
13 F7 14 00 B3 09 E0 40 B3 F4 99 01 13 59 1B 00
33 CB 24 01 13 17 0B 01 93 59 07 01 B3 C4 37 01
13 F9 14 00 33 0B 20 41 B3 74 9B 01 13 D7 19 00
B3 C9 E4 00 13 99 09 01 13 5B 09 01 B3 44 6A 01
13 F7 14 00 B3 09 E0 40 B3 F4 99 01 13 59 1B 00
33 CB 24 01 13 17 0B 01 93 59 07 01 B3 44 3C 01
13 F9 14 00 33 0B 20 41 B3 74 9B 01 13 D7 19 00
B3 C9 E4 00 13 99 09 01 13 5B 09 01 B3 44 6D 01
13 F7 14 00 B3 09 E0 40 B3 F4 99 01 13 59 1B 00
33 CB 24 01 13 17 0B 01 93 59 07 01 B3 C4 33 01
13 F9 14 00 33 0B 20 41 B3 74 9B 01 13 D7 19 00
B3 C9 E4 00 13 99 09 01 13 5B 09 01 B3 C4 62 01
13 F7 14 00 B3 09 E0 40 B3 F4 99 01 13 59 1B 00
33 CB 24 01 13 17 0B 01 93 59 07 01 B3 C4 3F 01
13 F9 14 00 33 0B 20 41 B3 74 9B 01 13 D7 19 00
B3 C9 E4 00 13 99 09 01 13 5B 09 01 B3 44 6F 01
13 F7 14 00 B3 09 E0 40 B3 F4 99 01 13 59 1B 00
33 CB 24 01 13 17 0B 01 93 59 07 01 B3 C4 3E 01
13 F9 14 00 33 0B 20 41 B3 74 9B 01 13 D7 19 00
B3 C9 E4 00 13 99 09 01 13 5B 09 01 B3 44 6E 01
13 F7 14 00 B3 09 E0 40 B3 F4 99 01 13 59 1B 00
33 CB 24 01 13 17 0B 01 93 59 07 01 B3 44 33 01
13 F9 14 00 33 0B 20 41 B3 74 9B 01 13 D7 19 00
B3 C9 E4 00 13 99 09 01 13 5B 09 01 B3 C4 68 01
13 F7 14 00 B3 09 E0 40 B3 F4 99 01 13 59 1B 00
33 CB 24 01 13 17 0B 01 93 59 07 01 B3 C4 35 01
13 F9 14 00 33 0B 20 41 B3 74 9B 01 13 D7 19 00
B3 C9 E4 00 13 99 09 01 13 5B 09 01 5A C6 E3 9D
06 DE 54 41 83 2C 05 00 05 4F 23 22 D8 00 23 22
B5 01 23 20 98 01 23 20 05 01 FA 82 63 04 04 3E
81 4E 01 4D 81 4F 13 78 7F 00 85 0F 22 86 81 47
63 0A 08 04 63 D9 E7 09 10 40 85 47 49 C6 63 03
F8 04 89 4D 63 0D B8 03 0D 45 63 07 A8 02 91 4A
63 01 58 03 95 4B 63 0B 78 01 19 4A 63 05 48 01
10 42 EE 87 2D C2 10 42 85 07 31 CE 10 42 85 07
39 CA 10 42 85 07 21 CA 10 42 85 07 29 C6 10 42
85 07 31 C2 63 D1 E7 05 10 42 85 07 3E 8C 05 CE
10 42 85 07 0D CA 10 42 93 07 2C 00 0D C6 10 42
93 07 3C 00 0D C2 10 42 93 07 4C 00 09 CE 10 42
93 07 5C 00 09 CA 10 42 93 07 6C 00 09 C6 10 42
93 07 7C 00 61 F2 EA 86 FA 88 22 8D 32 84 63 5F
F0 00 63 82 08 34 0D E0 6A 8C FD 17 03 2D 0D 00
AD C6 23 A0 86 01 E2 86 E3 45 F0 FE 63 5A 10 77
63 05 04 34 63 8A 07 34 83 23 4D 00 4C 40 83 94
03 00 03 93 25 00 03 9E 23 00 13 97 04 01 93 59
07 01 13 F9 04 F0 13 DB 89 00 B3 6C 69 01 23 90
93 01 03 98 05 00 93 1D 08 01 13 D5 0D 01 93 7A
08 F0 93 5B 85 00 33 EA 7A 01 23 90 45 01 E3 5D
C3 F9 22 8C FD 18 00 40 C9 FE E2 8E E2 86 69 BF
63 51 20 75 63 0E 04 12 63 99 04 24 93 0A F9 FF
13 FE 7A 00 63 07 0E 0A 10 40 56 89 63 86 0D 28
23 A0 8D 00 A2 8D 63 0D 06 10 85 48 32 84 63 0A
1E 09 89 4E 63 0C DE 07 0D 4F 63 00 EE 07 11 48
63 04 0E 05 95 4F 63 06 FE 03 99 42 63 0A 5E 00
00 42 7D 19 63 82 0D 6C 23 A0 CD 00 B2 8D 6D C0
1C 40 7D 19 63 8F 0D 24 23 A0 8D 00 A2 8D E9 CB
3E 84 03 23 04 00 7D 19 63 83 0D 24 23 A0 8D 00
A2 8D 63 0F 03 0A 1A 84 14 40 7D 19 63 87 0D 22
23 A0 8D 00 A2 8D CD C6 36 84 0C 40 7D 19 63 89
0D 20 23 A0 8D 00 A2 8D C1 CD 2E 84 83 23 04 00
7D 19 63 8D 0D 1E 23 A0 8D 00 A2 8D 63 82 03 08
1E 84 08 40 7D 19 63 81 0D 1C 23 A0 8D 00 63 0C
09 62 A2 8D 35 C5 04 41 63 0A 04 1A 08 C0 AA 8D
A5 C0 80 40 63 06 05 1A 04 C1 A6 8D 31 C8 18 40
63 82 04 1A 80 C0 A2 8D 21 C7 83 29 07 00 63 0D
04 18 18 C0 BA 8D 63 8D 09 02 83 AA 09 00 63 07
07 18 23 20 37 01 CE 8D 63 84 0A 02 03 AE 0A 00
63 80 09 18 23 A0 59 01 D6 8D 63 0B 0E 00 03 24
0E 00 65 19 63 88 0A 16 23 A0 CA 01 F2 8D 51 F0
23 A0 0D 00 05 4F 63 86 EC 61 86 0B 5A 84 63 03
04 16 01 4B 81 49 81 4C 93 F2 7B 00 85 0C 22 87
81 44 63 8A 02 04 63 D9 74 09 18 40 85 44 49 C7
63 83 92 04 89 47 63 8D F2 02 0D 43 63 87 62 02
91 46 63 81 D2 02 95 45 63 8B B2 00 99 43 63 85
72 00 18 43 BE 84 2D C3 18 43 85 04 31 CF 18 43
85 04 39 CB 18 43 85 04 21 CB 18 43 85 04 29 C7
18 43 85 04 31 C3 63 D1 74 05 18 43 85 04 26 85
05 CF 18 43 85 04 0D CB 18 43 93 04 25 00 0D C7
18 43 93 04 35 00 0D C3 18 43 93 04 45 00 09 CF
18 43 93 04 55 00 09 CB 18 43 93 04 65 00 09 C7
18 43 93 04 75 00 61 F3 CE 8D 5E 89 A2 89 3A 84
E3 50 90 E0 63 07 09 02 29 E8 CE 88 FD 14 83 A9
09 00 63 88 0D 06 23 A0 1D 01 C6 8D D5 B7 94 42
63 8E 06 4E 03 AD 46 00 03 43 0D 00 E3 19 6C FE
05 B4 83 AE 09 00 FD 14 63 8C 0D 00 23 A0 3D 01
91 C8 CE 8D F6 89 83 AE 09 00 FD 14 E3 98 0D FE
4E 8B E5 F8 11 F0 CE 8D E5 B5 03 A5 49 00 83 2A
44 00 D2 85 EF C0 6F F3 2A 86 D2 85 56 85 B2 8A
EF C0 AF F2 E3 5B 55 F9 A2 88 7D 19 00 40 E3 9C
0D F8 46 8B C6 8D AD BF 22 8B 91 B5 2A 8B 81 BD
26 8B A1 BD 22 8B 85 B5 3A 8B AD B5 4E 8B A5 BD
56 8B 59 B5 72 8B 59 BD 22 8B AD BB 22 8B 31 B5
22 8B D5 BB 23 20 00 00 02 90 22 8B E1 BB 22 8B
C1 B3 22 8B 65 B3 03 26 0D 00 FD 17 91 CA 23 A0
A6 01 89 CB EA 86 32 8D 03 26 0D 00 FD 17 E5 FA
EA 8E ED FB E3 19 04 BE EA 86 23 A0 06 00 63 86
5F 18 06 0F 76 84 D9 BE 93 83 F8 FF 13 FE 73 00
63 04 0E 0A 03 23 04 00 9E 88 63 8C 06 14 80 C2
A2 86 E3 0C 03 FC 85 45 1A 84 63 07 BE 08 89 44
63 0B 9E 06 0D 47 63 01 EE 06 91 49 63 05 3E 05
15 49 63 08 2E 03 19 4B 63 0B 6E 01 03 24 03 00
FD 18 63 80 06 3C 23 A0 66 00 9A 86 59 DC 83 2C
04 00 FD 18 63 81 06 12 80 C2 A2 86 E3 87 0C F8
66 84 03 28 04 00 FD 18 63 85 06 10 80 C2 A2 86
E3 0D 08 F6 42 84 83 2D 04 00 FD 18 ED CA 80 C2
A2 86 E3 84 0D F6 6E 84 08 40 FD 18 F9 CE 80 C2
A2 86 21 DD 2A 84 83 2A 04 00 FD 18 E9 C6 80 C2
A2 86 E3 84 0A F4 56 84 83 2B 04 00 FD 18 C1 C6
80 C2 63 85 08 08 A2 86 E3 89 0B F2 03 AA 0B 00
59 C0 23 20 74 01 DE 86 E3 01 0A F2 03 24 0A 00
63 8D 0B 06 23 A0 4B 01 D2 86 01 D8 03 2C 04 00
63 07 0A 06 23 20 8A 00 A2 86 E3 00 0C F0 03 2D
0C 00 25 C0 23 20 84 01 E2 86 E3 08 0D EE 03 26
0D 00 63 0A 0C 04 23 20 AC 01 EA 86 E3 0F 06 EC
1C 42 63 04 0D 04 23 20 CD 00 B2 86 E3 87 07 EC
80 43 E5 18 0D CE 1C C2 BE 86 E3 00 04 EC 83 2B
04 00 FD 18 B5 FE A2 8E E3 9F 08 F6 22 8D 5E 84
E3 1B 04 A8 55 B5 DE 8E BD BF D2 8E 71 B7 A2 8E
61 BF E2 8E 55 B7 EA 8E 4D BF B2 8E 7D BF BE 8E
E1 B7 A2 8E 75 B5 A2 8E 25 BF A2 8E 15 B7 A2 8E
01 BF A2 8E ED BD A2 8E CD B5 03 A5 0E 00 63 07
05 2E 83 AE 4E 00 69 74 13 0D 14 00 83 97 0E 00
93 98 07 01 93 D6 08 01 13 FB F7 0F 93 5C 1B 00
93 5D 2B 00 93 59 3B 00 93 54 4B 00 93 5A 5B 00
93 53 6B 00 93 52 7B 00 93 DF 86 00 93 DB 96 00
13 DA A6 00 13 DE B6 00 13 D3 C6 00 13 DC D6 00
13 D8 E6 00 93 D5 F6 00 32 49 08 41 33 47 2B 01
13 76 17 00 33 0F C0 40 B3 7E AF 01 13 54 19 00
B3 C7 8E 00 93 98 07 01 13 D9 08 01 B3 C6 2C 01
13 F7 16 00 33 06 E0 40 33 7F A6 01 93 5E 19 00
33 44 DF 01 93 17 04 01 93 D8 07 01 33 C9 1D 01
93 76 19 00 33 07 D0 40 33 76 A7 01 13 DF 18 00
B3 4E E6 01 13 94 0E 01 93 57 04 01 B3 C8 F9 00
13 F9 18 00 B3 06 20 41 33 F6 A6 01 13 D7 17 00
33 4F E6 00 93 1E 0F 01 13 D4 0E 01 B3 C7 84 00
93 F8 17 00 33 09 10 41 33 76 A9 01 93 56 14 00
33 47 D6 00 13 1F 07 01 93 5E 0F 01 33 C4 DA 01
93 77 14 00 B3 08 F0 40 33 F9 A8 01 13 D6 1E 00
B3 46 C9 00 13 97 06 01 13 5F 07 01 B3 CE E3 01
13 F4 1E 00 B3 07 80 40 B3 F8 A7 01 13 59 1F 00
33 C6 28 01 93 16 06 01 13 D7 06 01 33 CF E2 00
93 7E 1F 00 33 04 D0 41 B3 77 A4 01 93 58 17 00
33 C9 17 01 13 16 09 01 93 56 06 01 33 C7 DF 00
13 7F 17 00 B3 0E E0 41 33 F4 AE 01 93 D7 16 00
B3 48 F4 00 13 99 08 01 13 56 09 01 B3 C6 CB 00
13 F7 16 00 33 0F E0 40 B3 7E AF 01 13 54 16 00
B3 C7 8E 00 93 98 07 01 13 D9 08 01 33 46 2A 01
93 76 16 00 33 07 D0 40 33 7F A7 01 93 5E 19 00
33 44 DF 01 93 17 04 01 93 D8 07 01 33 49 1E 01
13 76 19 00 B3 06 C0 40 33 FF A6 01 13 D7 18 00
B3 4E EF 00 13 94 0E 01 93 57 04 01 B3 48 F3 00
13 F9 18 00 33 06 20 41 33 7F A6 01 93 D6 17 00
33 47 DF 00 93 1E 07 01 13 D4 0E 01 B3 47 8C 00
93 F8 17 00 33 09 10 41 33 76 A9 01 13 5F 14 00
B3 46 E6 01 13 97 06 01 93 5E 07 01 33 44 D8 01
93 77 14 00 B3 08 F0 40 33 F9 A8 01 13 D6 1E 00
33 4F C9 00 93 16 0F 01 13 D7 06 01 B3 CE E5 00
13 F4 1E 00 B3 07 80 40 B3 F8 A7 01 13 59 17 00
33 C6 28 01 13 1F 06 01 93 56 0F 01 36 C6 E3 1D
05 DE 36 85 B6 40 26 44 96 44 06 49 F2 59 62 5A
D2 5A 42 5B B2 5B 22 5C 92 5C 02 5D F2 4D 61 61
82 80 9A 8E 99 B1 A2 89 2A 84 E3 17 04 A4 A1 B6
36 8D 63 12 04 FC C9 BE 32 8B 89 B2 08 40 AA 86
63 19 05 D2 54 41 83 2C 05 00 05 4F 23 22 D8 00
23 22 B5 01 23 20 98 01 23 20 05 01 FA 82 6F F0
EF F8 EE 89 E3 1A 04 A0 39 B6 2E 8D 02 C6 6F F0
8F CB 5A 84 6F F0 8F CB 01 CC 2E 86 A2 8F 01 45
01 4B 01 43 81 4D 81 42 6F F0 6F C3 32 45 9D BF
81 42 83 A7 02 00 02 90 0D 71 23 24 41 15 13 0A
02 00 23 26 B1 13 93 07 1A 00 13 03 10 06 23 26
31 15 23 2E 71 13 23 2A 91 13 23 2E 11 14 EE 8C
23 2C 81 14 23 2A 91 14 23 22 51 15 23 2C 81 13
23 28 A1 13 2E C6 3E C4 1A CE 93 09 50 02 B7 0B
00 F0 AA 8D 83 C3 0D 00 63 8A 33 03 63 8B 03 14
03 25 02 04 29 4F 93 0E 15 00 B3 06 AA 00 23 20
D2 05 23 80 76 00 63 8B E3 05 93 0F 00 04 63 89
FE 05 85 0D 83 C3 0D 00 E3 9A 33 FD 83 C2 1D 00
13 85 1D 00 7D 54 93 04 00 02 2A 86 A2 8A 26 CA
81 43 93 85 D2 FD 13 FC F5 0F 13 07 50 05 93 0D
16 00 63 6D 87 15 37 8E 48 00 13 1D 2C 00 93 0E
0E 6A 33 0F DD 01 83 2F 0F 00 82 8F 63 5F D0 0D
22 4C 83 44 0A 00 93 43 FA FF B3 05 AC 00 93 07
1A 00 33 88 B3 00 B3 88 F5 40 23 80 9B 00 13 77
78 00 63 5C 10 0B 2D C7 05 44 63 0A 87 04 89 42
63 02 57 04 0D 43 63 0A 67 02 11 4D 63 02 A7 03
15 46 63 0A C7 00 99 4A 63 15 57 0D 03 C5 07 00
85 07 23 80 AB 00 83 CE 07 00 85 07 23 80 DB 01
83 C6 07 00 85 07 23 80 DB 00 03 CF 07 00 85 07
23 80 EB 01 83 CF 07 00 85 07 23 80 FB 01 83 C4
07 00 85 07 33 8C F5 40 23 80 9B 00 63 57 80 05
83 C3 07 00 A1 07 23 80 7B 00 03 C8 97 FF 23 80
0B 01 83 C8 A7 FF 23 80 1B 01 03 C7 B7 FF 23 80
EB 00 03 C4 C7 FF 23 80 8B 00 83 C2 D7 FF 23 80
5B 00 03 C3 E7 FF 33 8D F5 40 23 80 6B 00 03 C6
F7 FF 23 80 CB 00 E3 4D A0 FB 23 20 02 04 85 0D
D1 BD 83 20 C1 15 03 24 81 15 83 24 41 15 83 29
C1 14 03 2A 81 14 83 2A 41 14 83 2B C1 13 03 2C
81 13 83 2C 41 13 03 2D 01 13 83 2D C1 12 35 61
82 80 03 4E 1A 00 93 07 2A 00 23 80 CB 01 3D B7
16 CA 83 42 16 00 13 07 50 05 6E 86 93 85 D2 FD
13 FC F5 0F 93 0D 16 00 E3 77 87 EB 83 2E 02 04
93 0F 02 00 93 84 1E 00 33 8C DF 01 93 05 50 02
23 20 92 04 23 00 BC 00 93 03 00 04 63 86 74 04
AA 8D 0D B5 03 47 16 00 A5 4F 13 84 02 FD 13 0C
07 FD BA 82 6E 86 63 E4 8F 03 93 1D 24 00 33 88
8D 00 05 06 93 17 18 00 33 84 E7 00 03 47 06 00
13 04 04 FD 13 0E 07 FD BA 82 E3 F0 CF FF E3 DA
0A E2 A2 8A 7D 54 35 B5 93 07 02 00 33 88 77 00
37 07 00 F0 83 C8 07 00 A1 07 23 00 17 01 03 C4
97 FF 23 00 87 00 83 C2 A7 FF 23 00 57 00 03 C3
B7 FF 23 00 67 00 03 CD C7 FF 23 00 A7 01 03 C6
D7 FF 23 00 C7 00 83 CA E7 FF 23 00 57 01 03 CE
F7 FF 23 00 C7 01 E3 9F 07 FB 23 20 02 04 AA 8D
51 B3 93 C4 FA FF 93 D8 F4 41 83 42 16 00 B3 FA
1A 01 6E 86 7D BB 83 42 16 00 6E 86 5D BB 03 2E
02 04 13 0F 02 00 93 0F 1E 00 B3 04 CF 01 93 05
50 02 23 20 F2 05 23 80 B4 00 13 0C 00 04 E3 93
8F D5 93 07 02 00 B3 83 87 01 37 08 00 F0 03 C7
07 00 A1 07 23 00 E8 00 83 C8 97 FF 23 00 18 01
03 C4 A7 FF 23 00 88 00 83 C2 B7 FF 23 00 58 00
03 C3 C7 FF 23 00 68 00 03 CD D7 FF 23 00 A8 01
03 C5 E7 FF 23 00 A8 00 03 C6 F7 FF 23 00 C8 00
E3 9F 77 FA 23 20 02 04 F5 B1 32 4D 83 42 16 00
6E 86 93 0D 4D 00 03 24 0D 00 6E C6 CD BD 13 05
10 06 23 20 61 15 41 4C 02 C0 2A CE 36 C8 05 46
03 2D 02 04 63 42 76 32 63 99 03 4E B2 4E 01 44
83 A4 0E 00 13 8F 4E 00 7A C6 1A CC 62 86 81 46
26 85 A2 85 EF 30 90 50 2A D0 01 4E 63 09 8E 4C
26 85 23 28 21 15 85 48 13 09 41 02 4A 8B C6 84
2A 89 4A 85 A2 85 62 86 81 46 EF 30 B0 04 81 46
62 86 26 C2 2A 89 2E 84 EF 30 50 4D 82 46 23 20
AB 00 85 04 11 0B E3 9E 86 FC E3 7C 89 FD 12 4C
03 29 01 15 93 85 FA FF 13 86 F4 FF 63 DA 54 11
E2 4A C2 4E 52 48 13 03 02 00 93 03 03 04 13 0F
00 04 37 07 00 F0 05 45 89 4F 93 07 1D 00 1A 9D
23 20 F2 04 23 00 0D 01 63 9E E7 43 B3 88 63 40
13 F4 78 00 9A 87 2D C8 05 4B 63 00 64 07 89 46
63 08 D4 04 8D 44 63 00 94 04 91 4A 63 08 54 03
95 42 63 00 54 02 99 4E 63 08 D4 01 03 4D 03 00
93 07 13 00 23 00 A7 01 83 C8 07 00 85 07 23 00
17 01 03 C4 07 00 85 07 23 00 87 00 03 CB 07 00
85 07 23 00 67 01 83 C6 07 00 85 07 23 00 D7 00
83 C4 07 00 85 07 23 00 97 00 83 CA 07 00 85 07
23 00 57 01 63 85 77 04 83 C2 07 00 A1 07 23 00
57 00 83 CE 97 FF 23 00 D7 01 03 CD A7 FF 23 00
A7 01 83 C8 B7 FF 23 00 17 01 03 C4 C7 FF 23 00
87 00 03 CB D7 FF 23 00 67 01 83 C6 E7 FF 23 00
D7 00 83 C4 F7 FF 23 00 97 00 E3 9F 77 FA 93 87
F5 FF 63 8B C7 36 23 00 03 01 F9 15 63 0B B6 36
23 20 F2 05 A3 00 03 01 09 4D FD 15 E3 17 B6 F0
62 43 0A 0C F2 43 13 03 01 02 33 06 83 01 03 28
06 00 13 0E 02 00 A5 4E 13 05 1E 00 13 0F 00 04
B7 06 00 F0 93 82 63 FF A9 4F 13 07 1D 00 63 E6
0E 03 93 08 08 03 33 04 AE 01 23 00 14 01 63 08
E7 03 3A 8D 93 07 C6 FF 63 03 C3 12 3E 86 03 28
06 00 13 07 1D 00 E3 FE 0E FD 33 8B 02 01 B3 04
AE 01 23 80 64 01 E3 1C FB FD 63 5D E0 0E 93 05
02 00 03 CC 05 00 93 C3 F5 FF 93 87 15 00 33 07
75 00 33 08 F5 40 B3 08 A7 01 33 04 A8 01 23 80
86 01 13 FB 78 00 63 57 80 0C 63 0E 0B 06 85 44
63 00 9B 06 09 4C 63 08 8B 05 8D 43 63 00 7B 04
11 47 63 08 EB 02 15 48 63 00 0B 03 99 48 63 08
1B 01 03 C4 15 00 93 87 25 00 23 80 86 00 83 C5
07 00 85 07 23 80 B6 00 03 CB 07 00 85 07 23 80
66 01 83 C4 07 00 85 07 23 80 96 00 03 CC 07 00
85 07 23 80 86 01 83 C3 07 00 85 07 23 80 76 00
03 C8 07 00 85 07 33 07 F5 40 B3 08 A7 01 23 80
06 01 63 59 10 05 03 C4 07 00 A1 07 23 80 86 00
83 C5 97 FF 23 80 B6 00 03 CB A7 FF 23 80 66 01
83 C4 B7 FF 23 80 96 00 03 CC C7 FF 23 80 86 01
83 C3 D7 FF 23 80 76 00 03 C8 E7 FF 33 07 F5 40
33 04 A7 01 23 80 06 01 83 C8 F7 FF 23 80 16 01
E3 4B 80 FA 01 4D 93 07 C6 FF E3 11 C3 EE C2 42
03 2B 01 14 23 20 A2 05 75 BA 83 42 16 00 85 03
6E 86 01 B4 23 20 61 15 02 C0 36 C8 05 46 03 2D
02 04 21 4C E3 52 76 CE B2 4F 3A CC 13 88 7F 00
93 77 88 FF 13 84 87 00 22 C6 84 43 C0 43 F9 B9
23 20 61 15 83 28 02 04 93 06 02 00 33 8D 16 01
13 0F 00 03 5A C8 16 CC 23 00 ED 01 93 83 18 00
13 06 00 04 63 8D C3 2E 13 8D 28 00 B3 8F 76 00
13 07 80 07 23 20 A2 05 23 80 EF 00 63 1B CD 2C
93 07 02 00 13 88 07 04 B7 05 00 F0 03 CE 07 00
A1 07 23 80 C5 01 03 C3 97 FF 23 80 65 00 03 C5
A7 FF 23 80 A5 00 03 C4 B7 FF 23 80 85 00 03 CB
C7 FF 23 80 65 01 83 C4 D7 FF 23 80 95 00 83 C8
E7 FF 23 80 15 01 83 C2 F7 FF 23 80 55 00 E3 9F
07 FB C2 4E 13 0F 10 06 41 4C 23 20 02 04 02 C0
01 4D 7A CE B2 43 01 44 13 8B 43 00 83 A4 03 00
5A C6 2D B1 32 45 03 2C 05 00 93 04 45 00 63 00
0C 7C 63 53 50 7F D2 46 13 06 D0 02 63 9A C6 2C
83 47 0C 00 3E 87 63 85 07 46 23 28 21 15 13 05
02 00 13 09 15 00 FD 5F A9 42 B7 06 00 F0 93 03
00 04 63 40 04 04 13 0D F4 FF 63 0F FD 43 03 2E
02 04 13 06 1E 00 B3 08 C5 01 23 20 C2 04 23 80
F8 00 63 05 57 54 63 05 76 54 83 47 1C 00 05 0C
FD 1A 3E 87 63 8A 07 40 63 41 04 62 6A 84 E3 54
04 FC 22 8D E9 B7 B2 47 83 24 02 04 83 A2 07 00
93 03 02 00 13 86 14 00 B3 8E 93 00 23 20 C2 04
23 80 5E 00 29 4D 63 89 A2 07 13 0F 00 04 63 07
E6 07 B2 45 93 83 45 00 1E C6 6F F0 BF 81 23 20
61 15 85 4E 63 C7 7E 14 32 4D 83 24 0D 00 13 0F
4D 00 7A C6 13 D4 F4 41 2E C8 03 2D 02 04 63 47
04 14 29 4C 02 C0 1A CC 91 B6 23 20 61 15 29 4C
02 C0 29 BE 3E 8D 55 B1 C2 45 01 4D 23 20 02 04
45 B1 23 20 A2 04 05 4D 61 B9 2E CC E5 B5 E3 F9
84 B3 01 4C 85 44 BD B6 63 5A C0 0E 03 CC 03 00
13 07 02 00 13 08 17 00 33 03 98 00 13 C5 F3 FF
93 87 13 00 B7 05 00 F0 33 04 65 00 B3 0A F3 40
23 80 85 01 93 74 74 00 63 52 50 0D BD C8 85 48
63 80 14 07 89 46 63 88 D4 04 8D 42 63 80 54 04
11 46 63 88 C4 02 95 4E 63 80 D4 03 19 4D 63 88
A4 01 03 CF 13 00 93 87 23 00 23 80 E5 01 83 C3
07 00 85 07 23 80 75 00 83 CF 07 00 85 07 23 80
F5 01 03 C7 07 00 85 07 23 80 E5 00 03 CC 07 00
85 07 23 80 85 01 03 C8 07 00 85 07 23 80 05 01
03 C5 07 00 85 07 33 04 F3 40 23 80 A5 00 63 57
80 04 83 CA 07 00 A1 07 23 80 55 01 83 C4 97 FF
23 80 95 00 83 C8 A7 FF 23 80 15 01 83 C6 B7 FF
23 80 D5 00 83 C2 C7 FF 23 80 55 00 03 C6 D7 FF
23 80 C5 00 83 CE E7 FF 33 0D F3 40 23 80 D5 01
03 CF F7 FF 23 80 E5 01 E3 4D A0 FB 23 20 02 04
4D B5 B2 4F 13 87 7F 00 13 7C 87 FF 13 08 8C 00
83 24 0C 00 03 24 4C 00 42 C6 7D B5 93 06 02 00
B3 88 A6 01 93 07 D0 02 05 0D 2A CC 23 20 A2 05
23 80 F8 00 93 02 00 04 63 0F 5D 1C 33 3B 90 00
33 04 80 40 33 04 64 41 B3 04 90 40 29 4C 02 C0
F1 B2 93 06 10 06 41 4C 02 C0 36 CE 61 B3 B3 8F
C6 00 93 03 02 00 37 06 00 F0 03 C7 06 00 A1 06
23 00 E6 00 03 CC 96 FF 23 00 86 01 03 C8 A6 FF
23 00 06 01 83 C5 B6 FF 23 00 B6 00 03 CE C6 FF
23 00 C6 01 03 C3 D6 FF 23 00 66 00 03 C5 E6 FF
23 00 A6 00 03 C4 F6 FF 23 00 86 00 E3 9F F6 FB
42 4B 05 4D 93 08 80 07 93 07 10 06 23 20 A2 05
23 80 13 01 41 4C 02 C0 3E CE 29 BB 23 20 61 15
13 0B 10 04 41 4C 02 C0 5A CE 0D B2 13 8C 81 A9
A2 85 62 85 EF 30 40 0A B3 8A AA 40 63 5E 50 4F
03 27 02 04 52 46 13 0E 02 00 93 0E 0E 04 13 05
00 04 B7 06 00 F0 85 4F 09 4F 13 08 17 00 B3 02
EE 00 23 20 02 05 23 80 C2 00 63 14 A8 4E B3 87
CE 41 93 F8 77 00 F2 87 63 8A 08 06 05 43 63 80
68 06 89 45 63 88 B8 04 0D 48 63 80 08 05 91 42
63 88 58 02 15 47 63 80 E8 02 19 43 63 88 68 00
83 48 0E 00 93 07 1E 00 23 80 16 01 83 C5 07 00
85 07 23 80 B6 00 03 C8 07 00 85 07 23 80 06 01
83 C2 07 00 85 07 23 80 56 00 03 C7 07 00 85 07
23 80 E6 00 03 C3 07 00 85 07 23 80 66 00 83 C8
07 00 85 07 23 80 16 01 63 85 D7 05 83 C5 07 00
A1 07 23 80 B6 00 03 C8 97 FF 23 80 06 01 83 C2
A7 FF 23 80 56 00 03 C7 B7 FF 23 80 E6 00 03 C3
C7 FF 23 80 66 00 83 C8 D7 FF 23 80 16 01 83 C5
E7 FF 23 80 B6 00 03 C8 F7 FF 23 80 06 01 E3 9F
D7 FB 93 87 FA FF 63 83 07 42 23 00 CE 00 F9 1A
63 8B 0A 40 23 20 E2 05 A3 00 CE 00 09 47 FD 1A
E3 95 0A F0 83 47 0C 00 3E 87 63 86 07 18 23 28
21 15 81 4A 29 B1 93 05 02 00 B3 83 55 00 37 06
00 F0 83 CE 05 00 A1 05 23 00 D6 01 03 CD 95 FF
23 00 A6 01 03 CF A5 FF 23 00 E6 01 83 CF B5 FF
23 00 F6 01 03 C7 C5 FF 23 00 E6 00 03 CC D5 FF
23 00 86 01 03 C8 E5 FF 23 00 06 01 03 CE F5 FF
23 00 C6 01 E3 9F 75 FA 42 43 01 4D 23 20 02 04
F1 B3 56 9C B3 0A CC 41 03 29 01 15 63 5D 50 11
03 27 02 04 93 0E 02 00 13 84 0E 04 13 0D 00 02
13 0F 00 04 37 06 00 F0 85 43 89 4F 13 05 17 00
B3 87 EE 00 23 20 A2 04 23 80 A7 01 63 17 E5 31
B3 06 D4 41 13 F8 76 00 F6 87 63 0A 08 06 85 45
63 00 B8 06 09 4E 63 08 C8 05 0D 4C 63 00 88 05
11 43 63 08 68 02 15 45 63 00 A8 02 19 47 63 08
E8 00 83 C6 0E 00 93 87 1E 00 23 00 D6 00 03 C8
07 00 85 07 23 00 06 01 83 C5 07 00 85 07 23 00
B6 00 03 CE 07 00 85 07 23 00 C6 01 03 CC 07 00
85 07 23 00 86 01 03 C3 07 00 85 07 23 00 66 00
03 C5 07 00 85 07 23 00 A6 00 63 85 87 04 03 C7
07 00 A1 07 23 00 E6 00 83 C6 97 FF 23 00 D6 00
03 C8 A7 FF 23 00 06 01 83 C5 B7 FF 23 00 B6 00
03 CE C7 FF 23 00 C6 01 03 CC D7 FF 23 00 86 01
03 C3 E7 FF 23 00 66 00 03 C5 F7 FF 23 00 A6 00
E3 9F 87 FA 93 87 FA FF 63 83 07 26 23 80 AE 01
F9 1A 63 8B 0A 26 23 20 F2 05 A3 80 AE 01 09 47
FD 1A E3 95 0A F0 26 C6 6F F0 CF B2 63 54 C0 0E
83 45 05 00 4A 9E 13 47 F5 FF 93 07 15 00 33 06
C7 01 33 08 FE 40 23 80 B6 00 93 78 76 00 63 53
00 0D 63 8C 08 06 85 45 63 80 B8 06 09 47 63 88
E8 04 0D 46 63 80 C8 04 11 48 63 88 08 03 95 45
63 80 B8 02 19 47 63 88 E8 00 83 48 15 00 93 07
25 00 23 80 16 01 03 C6 07 00 85 07 23 80 C6 00
03 C8 07 00 85 07 23 80 06 01 83 C5 07 00 85 07
23 80 B6 00 03 C7 07 00 85 07 23 80 E6 00 83 C8
07 00 85 07 23 80 16 01 03 C6 07 00 85 07 33 08
FE 40 23 80 C6 00 63 57 00 05 83 C5 07 00 A1 07
23 80 B6 00 03 C7 97 FF 23 80 E6 00 83 C8 A7 FF
23 80 16 01 03 C6 B7 FF 23 80 C6 00 03 C8 C7 FF
23 80 06 01 83 C5 D7 FF 23 80 B6 00 83 C8 E7 FF
33 07 FE 40 23 80 16 01 03 C6 F7 FF 23 80 C6 00
E3 4D E0 FA 23 20 02 04 C9 BA 62 8E 29 4F 93 02
00 04 01 A8 63 87 53 02 83 47 1E 00 05 0E E3 8A
07 DC 03 24 02 04 13 0D 02 00 93 03 14 00 33 05
8D 00 23 20 72 04 23 00 F5 00 E3 9D E7 FD 63 5B
70 0E 93 06 02 00 03 49 0D 00 13 88 16 00 B3 08
88 00 93 45 FD FF 93 07 1D 00 37 07 00 F0 33 86
15 01 33 84 F8 40 23 00 27 01 93 73 76 00 63 53
80 0C 63 8C 03 06 05 45 63 80 A3 06 89 46 63 88
D3 04 0D 49 63 80 23 05 11 48 63 88 03 03 95 45
63 80 B3 02 19 46 63 88 C3 00 03 44 1D 00 93 07
2D 00 23 00 87 00 03 CD 07 00 85 07 23 00 A7 01
83 C3 07 00 85 07 23 00 77 00 03 C5 07 00 85 07
23 00 A7 00 83 C6 07 00 85 07 23 00 D7 00 03 C9
07 00 85 07 23 00 27 01 03 C8 07 00 85 07 B3 85
F8 40 23 00 07 01 63 57 B0 04 03 C6 07 00 A1 07
23 00 C7 00 03 C4 97 FF 23 00 87 00 03 CD A7 FF
23 00 A7 01 83 C3 B7 FF 23 00 77 00 03 C5 C7 FF
23 00 A7 00 83 C6 D7 FF 23 00 D7 00 03 C9 E7 FF
33 88 F8 40 23 00 27 01 83 C5 F7 FF 23 00 B7 00
E3 4D 00 FB 23 20 02 04 C5 B5 2A 87 D1 BB 63 57
50 01 D2 42 13 08 D0 02 E3 9A 02 B1 23 28 21 15
13 07 80 02 13 8C 81 A9 BA 87 6F F0 5F 84 23 20
02 04 26 C6 6F F0 0F 8E 83 47 0C 00 3E 87 E3 96
07 82 26 C6 6F F0 0F 8D 23 20 72 04 26 C6 6F F0
6F 8C 42 87 ED BE 23 20 F2 05 ED BE 23 20 02 04
D5 BE 39 71 13 03 41 02 2E D2 9A 85 06 CE 32 D4
36 D6 3A D8 3E DA 42 DC 46 DE 1A C6 EF F0 CF 84
F2 40 01 45 21 61 82 80 03 27 02 04 93 02 02 00
33 88 E2 00 13 06 17 00 23 00 A8 00 23 20 C2 04
29 43 63 08 65 00 93 03 00 04 63 06 76 00 01 45
82 80 63 5A C0 0E 83 CE 02 00 13 0E 02 00 13 0F
1E 00 B3 0F EF 00 93 C5 F2 FF 93 87 12 00 37 07
00 F0 B3 86 F5 01 33 88 FF 40 23 00 D7 01 13 F6
76 00 63 52 00 0D 3D CA 05 43 63 00 66 06 89 43
63 08 76 04 0D 45 63 00 A6 04 11 4E 63 08 C6 03
95 4E 63 00 D6 03 19 4F 63 08 E6 01 83 C5 12 00
93 87 22 00 23 00 B7 00 83 C2 07 00 85 07 23 00
57 00 83 C6 07 00 85 07 23 00 D7 00 03 C8 07 00
85 07 23 00 07 01 03 C6 07 00 85 07 23 00 C7 00
03 C3 07 00 85 07 23 00 67 00 83 C3 07 00 85 07
33 85 FF 40 23 00 77 00 63 57 A0 04 03 CE 07 00
A1 07 23 00 C7 01 83 CE 97 FF 23 00 D7 01 03 CF
A7 FF 23 00 E7 01 83 C5 B7 FF 23 00 B7 00 83 C2
C7 FF 23 00 57 00 83 C6 D7 FF 23 00 D7 00 03 C8
E7 FF 33 86 FF 40 23 00 07 01 03 C3 F7 FF 23 00
67 00 E3 4D C0 FA 23 20 02 04 01 45 82 80 71 71
13 85 41 AA 22 D5 26 D3 4A D1 52 CD 06 D7 4E CF
56 CB 5A C9 5E C7 62 C5 66 C3 6A C1 EE DE 51 3D
83 A2 81 FE 03 A6 41 FE 83 A4 41 FC 03 A4 01 FC
13 13 06 01 03 AA 01 FE 13 56 03 41 05 48 23 16
51 02 23 17 C1 02 93 98 04 01 23 07 01 07 32 59
93 D4 08 41 63 1D 0A 10 63 04 09 00 6F 10 20 54
99 E0 6F 20 70 16 09 47 BA 8D 1D 4A 85 47 13 09
A0 29 93 89 01 00 4E DC 85 4A 63 84 0D 00 6F 20
70 17 33 0C 27 03 83 15 C1 02 13 08 F9 FF 33 85
89 01 AA C0 63 84 0A 00 6F 20 A0 3B 63 84 0D 00
6F 20 E0 12 85 05 93 96 05 01 C1 82 93 D2 36 00
1D 46 13 FB 76 00 81 45 11 43 05 4E 93 0E C0 02
13 FF 32 00 63 0C CB 08 63 74 63 01 6F 20 00 0E
13 0D DB FF 93 17 0D 01 93 D3 07 01 63 74 7E 00
6F 20 C0 02 13 1D 2F 00 93 87 81 95 B3 83 A7 01
83 AB 03 00 93 82 16 00 13 9B 02 01 93 8C 95 00
93 56 0B 01 63 E4 0C 01 6F 20 C0 00 33 0C B5 00
B3 E3 8B 01 93 F2 33 00 63 84 02 00 6F 20 40 0A
93 8D 1B 00 33 0B BC 41 13 37 3B 00 19 C3 6F 20
20 09 83 A5 0B 00 21 47 23 20 BC 00 83 A7 4B 00
23 22 FC 00 3A 9C 93 D2 36 00 23 00 DC 01 13 FB
76 00 E6 85 13 FF 32 00 E3 18 CB F6 93 8B 81 95
93 1F 2F 00 33 8C FB 01 83 2B 0C 02 61 B7 63 04
09 00 6F 10 60 40 99 E0 6F 10 B0 78 93 7A 1A 00
93 7D 2A 00 D6 87 93 76 4A 00 63 84 0D 00 6F 20
70 00 99 C2 6F 20 20 7E 63 84 0A 00 6F 20 00 7C
93 89 01 00 13 09 00 7D 19 E0 6F 10 20 55 F3 2D
10 C0 CE 8E 23 A6 B1 FF 01 46 85 45 68 10 23 18
91 02 76 DA CA C2 D2 C6 23 16 C1 06 A2 C4 82 D2
82 D4 EF E0 CF 86 03 5C 41 06 93 7E F5 0F 69 7F
33 C9 8E 01 13 7A 19 00 93 09 1F 00 33 06 40 41
93 55 1C 00 B3 76 36 01 AA 84 33 C5 B6 00 93 1F
05 01 13 D3 0F 01 13 DE 1E 00 B3 48 6E 00 93 F2
18 00 33 0D 50 40 B3 7A 3D 01 93 5C 13 00 33 CB
9A 01 13 17 0B 01 13 58 07 01 93 D3 2E 00 B3 C7
03 01 13 FA 17 00 33 0F 40 41 33 76 3F 01 93 55
18 00 B3 46 B6 00 13 95 06 01 93 5F 05 01 13 DC
3E 00 33 43 FC 01 93 78 13 00 B3 02 10 41 33 FD
32 01 93 DA 1F 00 B3 4C 5D 01 13 9B 0C 01 13 57
0B 01 13 D9 4E 00 33 48 E9 00 13 7C 18 00 33 09
80 41 B3 77 39 01 13 5A 17 00 33 CF 47 01 13 16
0F 01 93 55 06 01 13 DE 5E 00 B3 46 BE 00 13 FE
16 00 33 03 C0 41 B3 78 33 01 93 D2 15 00 33 CD
58 00 93 1A 0D 01 93 DC 0A 01 93 D3 6E 00 B3 C3
93 01 13 F7 13 00 33 08 E0 40 33 7C 38 01 13 D9
1C 00 B3 47 2C 01 13 9A 07 01 13 5F 0A 01 93 DE
7E 00 B3 CE EE 01 13 F6 1E 00 B3 05 C0 40 33 F3
35 01 93 58 1F 00 B3 42 13 01 13 9D 02 01 A1 80
13 F5 F4 0F 93 5A 0D 01 93 5F 15 00 13 5B 25 00
93 54 35 00 13 5E 45 00 93 56 55 00 93 5C 65 00
93 53 75 00 33 45 55 01 13 77 15 00 33 08 E0 40
33 7C 38 01 13 D9 1A 00 B3 47 2C 01 13 9A 07 01
13 5F 0A 01 B3 CF EF 01 93 FE 1F 00 33 06 D0 41
33 73 36 01 93 58 1F 00 B3 42 13 01 13 9D 02 01
93 5A 0D 01 33 4B 5B 01 13 77 1B 00 33 08 E0 40
33 7C 38 01 13 D9 1A 00 B3 47 2C 01 13 9A 07 01
13 5F 0A 01 B3 C4 E4 01 93 FF 14 00 B3 0E F0 41
33 F6 3E 01 13 53 1F 00 B3 48 66 00 93 92 08 01
13 DD 02 01 33 4E AE 01 93 7A 1E 00 33 0B 50 41
33 77 3B 01 13 58 1D 00 33 4C 07 01 13 19 0C 01
93 57 09 01 BD 8E 13 FA 16 00 33 0F 40 41 B3 74
3F 01 93 DF 17 00 B3 CE F4 01 13 96 0E 01 13 53
06 01 B3 CC 6C 00 93 F8 1C 00 B3 02 10 41 33 FD
32 01 13 5E 13 00 B3 4A CD 01 13 9B 0A 01 13 58
0B 01 B3 C3 03 01 13 F7 13 00 33 0C E0 40 93 57
18 00 33 79 3C 01 B3 46 F9 00 FD 55 68 10 23 12
D1 06 EF D0 DF E1 83 55 41 06 13 7F F5 0F 2A 8A
33 45 BF 00 93 74 15 00 B3 0F 90 40 B3 FE 3F 01
13 D6 15 00 33 C3 CE 00 93 1C 03 01 93 D8 0C 01
93 52 1F 00 33 CE 12 01 93 7A 1E 00 33 0B 50 41
33 78 3B 01 93 D3 18 00 33 47 78 00 13 1C 07 01
13 59 0C 01 13 5D 2F 00 B3 47 2D 01 93 F6 17 00
B3 04 D0 40 B3 FF 34 01 93 5E 19 00 33 C6 DF 01
13 13 06 01 93 5C 03 01 13 55 3F 00 33 4D 95 01
13 7E 1D 00 B3 0A C0 41 33 FB 3A 01 13 D8 1C 00
B3 43 0B 01 13 97 03 01 13 5C 07 01 93 55 4F 00
33 C9 85 01 13 75 19 00 B3 05 A0 40 B3 F7 35 01
93 56 1C 00 B3 C4 D7 00 93 9F 04 01 93 DE 0F 01
93 58 5F 00 33 C6 D8 01 13 73 16 00 B3 08 60 40
33 FE 38 01 93 DA 1E 00 33 4B 5E 01 13 18 0B 01
93 53 08 01 93 52 6F 00 B3 C2 72 00 13 F7 12 00
13 5A 8A 00 93 7C FA 0F 33 0A E0 40 33 79 3A 01
13 D5 13 00 B3 45 A9 00 93 97 05 01 93 D6 07 01
13 5F 7F 00 33 4F DF 00 93 74 1F 00 33 03 90 40
B3 78 33 01 13 DE 16 00 B3 CA C8 01 13 9B 0A 01
13 58 0B 01 13 DD 1C 00 13 DC 2C 00 93 DF 3C 00
93 DE 4C 00 13 D6 5C 00 93 D3 6C 00 93 D2 7C 00
B3 CC 0C 01 13 F7 1C 00 33 0A E0 40 33 79 3A 01
13 55 18 00 B3 45 A9 00 93 97 05 01 93 D6 07 01
05 4F 33 4D DD 00 33 73 ED 01 B3 08 60 40 33 FE
38 01 93 DA 16 00 33 4B 5E 01 13 18 0B 01 93 5C
08 01 33 4C 9C 01 33 77 EC 01 33 0A E0 40 33 75
3A 01 93 D5 1C 00 B3 47 B5 00 93 96 07 01 13 DD
06 01 B3 CF AF 01 33 F3 EF 01 33 0E 60 40 B3 7A
3E 01 13 58 1D 00 B3 CC 0A 01 13 9C 0C 01 13 57
0C 01 B3 CE EE 00 33 F5 EE 01 B3 05 A0 40 B3 F7
35 01 93 56 17 00 B3 CF D7 00 13 93 0F 01 13 5E
03 01 33 46 C6 01 B3 7A E6 01 33 0C 50 41 33 77
3C 01 93 5E 1E 00 33 45 D7 01 93 15 05 01 93 D6
05 01 B3 C3 D3 00 B3 F7 E3 01 B3 0F F0 40 13 DE
16 00 33 F3 3F 01 33 46 C3 01 93 1A 06 01 13 DC
0A 01 B3 C2 82 01 33 F7 E2 01 B3 0E E0 40 93 55
1C 00 33 F5 3E 01 B3 46 B5 00 93 93 06 01 93 DA
03 01 83 14 01 03 D2 58 16 49 26 4B 36 4A 03 5D
81 06 83 5C A1 06 03 18 C1 06 56 8C 63 04 E4 4F
A6 83 A2 84 7A 84 85 45 68 10 23 18 71 02 46 DA
CA C2 DA C4 D2 C6 23 12 51 07 23 13 81 07 23 14
A1 07 23 15 91 07 23 16 01 07 EF D0 5F B8 03 59
41 06 93 78 F5 0F 13 DE 18 00 33 CB 28 01 13 7A
1B 00 33 0D 40 41 13 58 19 00 B3 7C 3D 01 B3 C7
0C 01 93 9F 07 01 13 D3 0F 01 33 46 6E 00 13 7C
16 00 B3 02 80 41 93 5E 13 00 33 F7 32 01 2A 8F
33 45 D7 01 93 15 05 01 93 D6 05 01 93 DA 28 00
33 CB DA 00 13 7A 1B 00 33 0D 40 41 13 D8 16 00
B3 7C 3D 01 B3 C7 0C 01 93 9F 07 01 13 D3 0F 01
93 D3 38 00 33 CE 63 00 13 76 1E 00 B3 02 C0 40
93 5E 13 00 33 F7 32 01 33 45 D7 01 93 15 05 01
93 D6 05 01 13 D9 48 00 93 DA 58 00 13 DC 68 00
93 D3 78 00 B3 48 D9 00 13 F9 18 00 33 0B 20 41
13 DA 16 00 33 7D 3B 01 33 48 4D 01 93 1C 08 01
93 DF 0C 01 33 C3 FA 01 93 7A 13 00 B3 02 50 41
13 D6 1F 00 B3 FE 32 01 33 C7 CE 00 13 15 07 01
93 55 05 01 33 4C BC 00 93 76 1C 00 33 09 D0 40
13 DB 15 00 33 7A 39 01 33 4D 6A 01 13 18 0D 01
93 5C 08 01 B3 C3 93 01 93 FA 13 00 B3 02 50 41
13 D6 1C 00 B3 FE 32 01 33 C7 CE 00 13 15 07 01
13 5F 8F 00 93 77 FF 0F 93 55 05 01 13 DE 17 00
13 DF 27 00 93 D8 37 00 93 DF 47 00 13 D3 57 00
13 DC 67 00 13 D9 77 00 AD 8F 93 F6 17 00 33 0B
D0 40 13 DA 15 00 33 7D 3B 01 33 48 4D 01 93 1C
08 01 93 D3 0C 01 33 4E 7E 00 93 7A 1E 00 B3 02
50 41 13 D6 13 00 B3 FE 32 01 33 C7 CE 00 93 17
07 01 93 D6 07 01 33 4F DF 00 13 7B 1F 00 33 0A
60 41 13 DD 16 00 33 78 3A 01 B3 4C A8 01 93 93
0C 01 13 DE 03 01 B3 C8 C8 01 93 FA 18 00 B3 02
50 41 13 56 1E 00 B3 FE 32 01 33 C7 CE 00 93 17
07 01 93 D6 07 01 B3 CF DF 00 13 FF 1F 00 33 0B
E0 41 13 DA 16 00 33 7D 3B 01 33 48 4D 01 93 1C
08 01 93 D3 0C 01 33 43 73 00 13 7E 13 00 B3 08
C0 41 B3 F2 38 01 93 DA 13 00 33 C6 52 01 93 1E
06 01 13 D7 0E 01 33 4C EC 00 93 77 1C 00 B3 0F
F0 40 93 56 17 00 33 FF 3F 01 33 4B DF 00 13 1A
0B 01 13 5D 0A 01 33 49 A9 01 13 78 19 00 B3 0C
00 41 93 53 1D 00 33 F3 3C 01 33 4E 73 00 FD 55
68 10 23 12 C1 07 EF D0 9F 93 83 55 41 06 93 78
F5 0F 93 D6 18 00 B3 CA B8 00 93 F2 1A 00 33 06
50 40 B3 7E 36 01 13 D7 15 00 33 CC EE 00 93 17
0C 01 93 DF 07 01 33 CB F6 01 13 7A 1B 00 33 0D
40 41 33 79 3D 01 13 D8 1F 00 B3 4C 09 01 93 93
0C 01 13 D3 03 01 13 DF 28 00 B3 45 6F 00 93 F2
15 00 33 06 50 40 B3 7E 36 01 13 57 13 00 33 CC
EE 00 93 17 0C 01 93 DF 07 01 13 DE 38 00 33 4B
FE 01 13 7A 1B 00 33 0D 40 41 33 79 3D 01 13 D8
1F 00 B3 4C 09 01 93 93 0C 01 13 D3 03 01 93 DA
48 00 33 CE 6A 00 93 7A 1E 00 B3 05 50 41 B3 F2
35 01 13 56 13 00 B3 CE C2 00 13 97 0E 01 13 5C
07 01 93 D6 58 00 B3 C6 86 01 13 FB 16 00 33 0A
60 41 33 7D 3A 01 13 59 1C 00 33 48 2D 01 93 1C
08 01 93 D3 0C 01 13 DF 68 00 33 4F 7F 00 13 73
1F 00 33 0E 60 40 B3 75 3E 01 93 D2 13 00 33 C6
55 00 93 1E 06 01 13 D7 0E 01 93 D8 78 00 B3 C8
E8 00 13 FC 18 00 33 0B 80 41 33 7A 3B 01 13 5D
17 00 33 49 AA 01 93 1C 09 01 21 81 93 77 F5 0F
93 D3 0C 01 93 DF 17 00 93 DA 27 00 13 D5 37 00
13 D8 47 00 93 D6 57 00 13 DF 67 00 93 D5 77 00
B3 C7 77 00 13 F3 17 00 33 0E 60 40 B3 72 3E 01
13 D6 13 00 B3 CE C2 00 13 97 0E 01 93 58 07 01
B3 CF 1F 01 13 FC 1F 00 33 0B 80 41 33 7A 3B 01
13 DD 18 00 33 49 AA 01 93 1C 09 01 13 D3 0C 01
B3 CA 6A 00 93 F7 1A 00 33 0E F0 40 B3 72 3E 01
13 56 13 00 B3 CE C2 00 13 97 0E 01 93 5F 07 01
33 45 F5 01 13 7C 15 00 33 0D 80 41 B3 7C 3D 01
13 D3 1F 00 B3 CA 6C 00 93 97 0A 01 13 DE 07 01
33 48 C8 01 93 72 18 00 33 06 50 40 B3 7E 36 01
13 57 1E 00 B3 CF EE 00 13 95 0F 01 13 53 05 01
B3 C6 66 00 93 FA 16 00 B3 07 50 41 33 FE 37 01
93 52 13 00 33 46 5E 00 93 1E 06 01 13 D7 0E 01
33 4F EF 00 93 7F 1F 00 33 05 F0 41 93 56 17 00
33 73 35 01 B3 4A D3 00 93 97 0A 01 13 DE 07 01
B3 C5 C5 01 93 F2 15 00 33 06 50 40 B3 7E 36 01
13 57 1E 00 33 CF EE 00 93 1F 0F 01 05 04 83 13
01 03 D2 58 16 49 26 4B 36 4A 03 5C 61 06 03 5D
81 06 83 5C A1 06 03 18 C1 06 93 DA 0F 01 E3 94
84 B2 9E 84 F3 29 10 C0 03 14 C1 02 23 A8 31 FF
B3 89 B9 41 93 7B F4 0F 93 13 04 01 93 FD 1B 00
93 D8 03 01 13 D8 1B 00 01 43 63 85 0D 00 29 65
13 03 15 00 B3 46 68 00 13 FE 16 00 E9 77 93 82
17 00 B3 05 C0 41 13 56 13 00 B3 FE 55 00 33 C7
CE 00 13 1F 07 01 93 5F 0F 01 13 D4 2B 00 B3 43
F4 01 93 DD 88 00 93 F8 13 00 33 08 10 41 33 75
58 00 13 D3 1F 00 B3 46 65 00 13 9E 06 01 93 57
0E 01 93 D5 3B 00 33 C6 F5 00 13 77 16 00 33 0F
E0 40 B3 7F 5F 00 13 D4 17 00 B3 C3 8F 00 93 98
03 01 13 D8 08 01 93 DE 4B 00 33 C5 0E 01 93 76
15 00 33 0E D0 40 B3 77 5E 00 93 55 18 00 B3 CE
B7 00 13 96 0E 01 13 57 06 01 13 D3 5B 00 B3 4F
E3 00 13 F4 1F 00 B3 03 80 40 B3 F8 53 00 13 58
17 00 33 C3 08 01 13 15 03 01 13 5E 05 01 13 DF
6B 00 B3 47 CF 01 93 F5 17 00 B3 0E B0 40 33 F6
5E 00 13 57 1E 00 33 4F E6 00 93 1F 0F 01 13 D4
0F 01 93 DB 7B 00 B3 CB 8B 00 93 F8 1B 00 33 08
10 41 33 73 58 00 13 55 14 00 33 4E A3 00 93 17
0E 01 93 D5 07 01 33 C6 BD 00 13 77 16 00 33 0F
E0 40 B3 7F 5F 00 13 D4 15 00 B3 CB 8F 00 93 98
0B 01 13 D3 08 01 93 D6 1D 00 B3 C6 66 00 13 F5
16 00 33 0E A0 40 B3 77 5E 00 93 55 13 00 33 C6
B7 00 13 17 06 01 13 5F 07 01 93 D3 2D 00 B3 C3
E3 01 13 F4 13 00 B3 0B 80 40 B3 F8 5B 00 13 53
1F 00 B3 C6 68 00 13 95 06 01 13 5E 05 01 93 DE
3D 00 B3 CE CE 01 93 F5 1E 00 33 06 B0 40 33 77
56 00 13 5F 1E 00 B3 43 E7 01 13 94 03 01 93 5B
04 01 13 D8 4D 00 33 48 78 01 13 73 18 00 B3 06
60 40 33 F5 56 00 13 DE 1B 00 B3 4E C5 01 93 95
0E 01 13 D7 05 01 93 DF 5D 00 83 18 E1 02 B3 CF
EF 00 13 F4 1F 00 B3 0B 80 40 13 FF F8 0F 13 96
08 01 13 58 17 00 B3 F8 5B 00 33 C3 08 01 93 16
03 01 13 D5 06 01 93 D7 6D 00 A9 8F 93 FE 17 00
B3 05 D0 41 93 53 06 01 33 F7 55 00 13 56 15 00
13 DE 83 00 B3 43 C7 00 93 9F 03 01 13 D4 0F 01
93 DD 7D 00 B3 CD 8D 00 93 F8 1D 00 33 08 10 41
33 73 58 00 93 56 14 00 33 45 D3 00 93 17 05 01
93 DE 07 01 33 47 DF 01 13 76 17 00 B3 03 C0 40
B3 FF 53 00 13 D4 1E 00 B3 CD 8F 00 93 98 0D 01
13 D3 08 01 93 5B 1F 00 B3 CB 6B 00 13 F8 1B 00
33 05 00 41 B3 77 55 00 93 5E 13 00 33 C7 D7 01
13 16 07 01 93 53 06 01 93 55 2F 00 B3 C5 75 00
13 F4 15 00 B3 0D 80 40 B3 F8 5D 00 13 D3 13 00
B3 CB 68 00 13 98 0B 01 13 55 08 01 93 56 3F 00
A9 8E 93 FE 16 00 33 07 D0 41 33 76 57 00 93 53
15 00 B3 45 76 00 13 94 05 01 93 5D 04 01 93 5F
4F 00 B3 CF BF 01 13 F3 1F 00 B3 0B 60 40 33 F8
5B 00 13 D5 1D 00 B3 46 A8 00 93 9E 06 01 13 D7
0E 01 93 57 5F 00 B9 8F 93 F3 17 00 B3 05 70 40
33 F4 55 00 93 5D 17 00 B3 4F B4 01 13 93 0F 01
93 5B 03 01 93 58 6F 00 B3 C8 78 01 13 F8 18 00
33 05 00 41 B3 76 55 00 13 D7 1B 00 B3 C7 E6 00
93 93 07 01 13 D4 03 01 13 5F 7F 00 33 4F 8F 00
93 75 1F 00 B3 0F B0 40 33 F3 5F 00 93 5B 14 00
B3 48 73 01 13 98 08 01 93 56 08 01 33 45 DE 00
13 77 15 00 B3 07 E0 40 B3 F3 57 00 13 D4 16 00
33 CF 83 00 93 15 0F 01 93 DF 05 01 13 56 1E 00
33 46 F6 01 93 7B 16 00 B3 08 70 41 33 F8 58 00
93 D6 1F 00 33 45 D8 00 13 17 05 01 93 57 07 01
93 5E 2E 00 B3 CE FE 00 13 F4 1E 00 33 0F 80 40
B3 75 5F 00 93 DF 17 00 33 C6 F5 01 93 1B 06 01
93 D6 0B 01 93 5D 3E 00 B3 CD DD 00 93 F8 1D 00
33 05 10 41 B3 77 55 00 13 D7 16 00 B3 CE E7 00
13 94 0E 01 13 5F 04 01 13 53 4E 00 33 43 E3 01
13 76 13 00 B3 0B C0 40 B3 F6 5B 00 93 5D 1F 00
B3 C8 B6 01 13 95 08 01 93 57 05 01 93 53 5E 00
B3 C3 F3 00 93 FE 13 00 93 FF F4 0F 33 04 D0 41
C2 04 93 D5 04 01 33 7F 54 00 93 D4 17 00 13 D7
85 00 B3 45 9F 00 13 93 05 01 13 56 03 01 13 58
6E 00 33 48 C8 00 93 76 18 00 B3 0D D0 40 B3 F8
5D 00 13 55 16 00 B3 C7 A8 00 93 93 07 01 93 DE
03 01 13 5E 7E 00 33 4E DE 01 13 7F 1E 00 B3 04
E0 41 B3 F5 54 00 13 D3 1E 00 33 C6 65 00 13 18
06 01 93 56 08 01 B3 C8 DF 00 13 F5 18 00 B3 07
A0 40 B3 F3 57 00 93 DE 16 00 33 CE D3 01 13 1F
0E 01 93 54 0F 01 93 DB 1F 00 B3 CB 9B 00 93 F5
1B 00 33 06 B0 40 B3 76 56 00 13 D8 14 00 B3 C8
06 01 13 95 08 01 93 57 05 01 13 D4 2F 00 3D 8C
93 7E 14 00 33 0E D0 41 33 7F 5E 00 93 D4 17 00
B3 4B 9F 00 93 95 0B 01 13 D6 05 01 93 DD 3F 00
B3 CD CD 00 93 F6 1D 00 33 08 D0 40 B3 78 58 00
93 57 16 00 33 C4 F8 00 93 1E 04 01 13 DE 0E 01
13 D3 4F 00 33 43 C3 01 93 74 13 00 B3 0B 90 40
B3 F5 5B 00 13 56 1E 00 B3 CD C5 00 93 96 0D 01
93 D7 06 01 93 D3 5F 00 B3 C3 F3 00 13 F8 13 00
33 04 00 41 B3 7E 54 00 13 DE 17 00 33 C3 CE 01
93 14 03 01 93 DB 04 01 13 D5 6F 00 33 45 75 01
93 75 15 00 B3 0D B0 40 B3 F6 5D 00 93 D7 1B 00
B3 C3 F6 00 13 98 03 01 13 54 08 01 93 DF 7F 00
B3 CF 8F 00 13 FE 1F 00 33 03 C0 41 B3 74 53 00
93 5B 14 00 33 C5 74 01 93 15 05 01 93 DD 05 01
B3 46 B7 01 93 F7 16 00 B3 03 F0 40 33 F8 53 00
13 D4 1D 00 B3 4F 88 00 13 9E 0F 01 13 53 0E 01
13 5F 17 00 33 4F 6F 00 93 7B 1F 00 33 05 70 41
B3 75 55 00 93 5D 13 00 B3 C6 B5 01 93 97 06 01
93 D3 07 01 93 58 27 00 B3 C8 78 00 13 F8 18 00
B3 0F 00 41 33 FE 5F 00 13 D3 13 00 33 4F 6E 00
93 1B 0F 01 13 D5 0B 01 13 56 37 00 29 8E 93 7D
16 00 B3 06 B0 41 B3 F7 56 00 93 53 15 00 B3 C8
77 00 13 98 08 01 93 5F 08 01 93 5E 47 00 B3 CE
FE 01 13 F3 1E 00 33 0F 60 40 B3 7B 5F 00 13 D5
1F 00 33 C6 AB 00 93 1D 06 01 93 D6 0D 01 93 54
57 00 B5 8C 93 F3 14 00 B3 08 70 40 B3 FF 58 00
13 D8 16 00 B3 CE 0F 01 13 93 0E 01 13 5F 03 01
13 54 67 00 33 44 E4 01 13 75 14 00 33 06 A0 40
B3 7D 56 00 93 56 1F 00 B3 C4 DD 00 93 93 04 01
93 D8 03 01 1D 83 33 47 17 01 13 78 17 00 B3 0E
00 41 33 F3 5E 00 13 DF 18 00 33 44 E3 01 13 15
04 01 93 75 F9 0F 13 56 05 01 B3 CD C5 00 93 F6
1D 00 B3 04 D0 40 B3 F3 54 00 93 58 16 00 33 C7
13 01 13 18 07 01 93 5E 08 01 13 DE 15 00 33 4E
DE 01 13 7F 1E 00 33 04 E0 41 33 75 54 00 13 D6
1E 00 B3 4D C5 00 93 96 0D 01 93 D4 06 01 93 D7
25 00 A5 8F 93 F8 17 00 33 07 10 41 33 78 57 00
93 DE 14 00 33 4E D8 01 13 1F 0E 01 13 54 0F 01
93 DB 35 00 B3 CB 8B 00 13 F6 1B 00 B3 06 C0 40
B3 F4 56 00 93 57 14 00 B3 C8 F4 00 13 97 08 01
13 58 07 01 93 DF 45 00 B3 CF 0F 01 13 FF 1F 00
13 15 09 01 93 5D 05 01 33 04 E0 41 13 DE 8D 00
33 75 54 00 93 5D 18 00 B3 4B B5 01 13 96 0B 01
93 54 06 01 13 D3 55 00 33 43 93 00 93 76 13 00
B3 08 D0 40 33 F7 58 00 13 D8 14 00 B3 4E 07 01
93 9F 0E 01 13 DF 0F 01 93 D3 65 00 B3 C3 E3 01
13 F5 13 00 B3 0D A0 40 B3 FB 5D 00 13 56 1F 00
B3 C4 CB 00 13 93 04 01 93 58 03 01 9D 81 B3 C5
15 01 13 F7 15 00 33 08 E0 40 B3 7E 58 00 93 DF
18 00 33 CF FE 01 93 13 0F 01 93 DD 03 01 33 45
BE 01 13 76 15 00 B3 04 C0 40 33 F3 54 00 93 D8
1D 00 B3 45 13 01 13 97 05 01 13 58 07 01 93 57
1E 00 B3 C7 07 01 93 FF 17 00 33 0F F0 41 B3 73
5F 00 93 5D 18 00 33 C5 B3 01 13 16 05 01 93 54
06 01 13 54 2E 00 25 8C 93 78 14 00 B3 05 10 41
33 F7 55 00 13 D8 14 00 B3 47 07 01 93 9F 07 01
13 DF 0F 01 93 56 3E 00 B3 C6 E6 01 93 F3 16 00
B3 0D 70 40 33 F5 5D 00 13 56 1F 00 B3 44 C5 00
13 94 04 01 93 58 04 01 93 5B 4E 00 B3 CB 1B 01
93 F5 1B 00 33 07 B0 40 93 D7 18 00 33 78 57 00
B3 4F F8 00 13 9F 0F 01 93 5E 5E 00 93 56 0F 01
B3 CE DE 00 93 F3 1E 00 B3 0D 70 40 33 F5 5D 00
13 D6 16 00 B3 44 C5 00 13 94 04 01 13 53 6E 00
93 58 04 01 33 43 13 01 93 7B 13 00 13 5E 7E 00
93 D5 18 00 63 84 0B 18 B3 C6 55 00 93 9D 06 01
13 D6 0D 01 93 74 16 00 13 54 16 00 63 91 C4 25
93 75 1A 00 A1 68 13 83 58 B0 2E C6 93 7B 2A 00
13 7A 4A 00 63 14 64 00 6F 10 00 4B 63 7C 83 16
C1 66 93 84 F6 FF FD 5D CA 85 13 85 41 C3 EF E0
5F A1 CE 85 13 85 C1 C4 EF E0 BF A0 B7 DE 5F 6B
93 86 BE A6 33 B6 D9 02 13 85 41 C6 13 59 66 01
CA 85 EF E0 1F 9F 37 95 98 00 93 08 F5 67 63 E0
38 0F 85 04 13 85 C1 C7 93 9D 04 01 EF E0 7F 9D
93 DD 0D 41 13 85 41 CD DA 85 EF E0 9F 9C 13 85
81 CF 93 85 C1 CE EF E0 DF 9B 93 85 01 D1 13 85
C1 D4 EF E0 1F 9B 93 85 41 D6 13 85 C1 D6 EF E0
5F 9A A2 85 13 85 41 D8 EF E0 BF 99 B2 4E 63 88
0E 00 62 86 13 85 01 DA 81 45 EF E0 9F 98 63 88
0B 00 6A 86 13 85 C1 DB 81 45 EF E0 9F 97 63 08
0A 00 66 86 13 85 81 DD 81 45 EF E0 9F 96 56 86
13 85 41 DF 81 45 EF E0 DF 95 63 8C 0D 06 63 45
B0 07 13 85 C1 E5 EF E0 DF 94 01 47 81 46 01 46
81 45 01 45 EF 10 D0 6B 63 04 09 01 6F E0 1F C0
99 C0 6F E0 BF BF B7 39 15 34 93 8A 59 41 0D 6B
56 D6 13 06 5B 41 93 04 60 06 6F E0 3F BE 1D 4A
63 04 09 01 6F E0 3F AC F9 DC 6F E0 3F BD B3 55
2B 03 13 85 C1 CB EF E0 DF 8F B7 E5 F5 05 93 82
F5 0F E3 E1 32 F3 31 B7 13 85 01 EC EF E0 7F 8E
69 BF 13 85 01 E1 EF E0 DF 8D 41 BF 93 F2 15 00
13 D4 28 00 63 95 C2 0D 13 77 1A 00 09 6E 13 08
2E 8F 3A C6 93 7B 2A 00 13 7A 4A 00 63 14 04 01
6F 10 20 2E 95 67 93 8F F7 EA E3 13 F4 E9 13 85
01 B1 EF E0 1F 8A B9 63 95 6E 1D 65 93 88 43 5A
93 06 95 A7 93 83 8E 60 46 83 1E 85 B6 8E B2 4D
63 81 0D 0C 63 0F DC 0B 1E CA 2A C8 62 86 13 85
01 BA 81 45 46 CE 1A CC EF E0 BF 86 42 45 D2 43
62 43 F2 48 89 46 85 44 36 86 A6 8D 36 CE 32 CC
63 81 0B 02 63 0F AD 00 9E 86 13 85 01 BD 6A 86
81 45 46 CA 1A C8 EF E0 DF 83 D2 48 E2 44 F2 4D
42 43 E3 0B 0A E0 E3 89 6C E0 13 85 41 C0 C6 86
66 86 81 45 EF E0 FF 81 93 82 14 00 13 9E 02 01
13 98 02 01 93 54 0E 01 93 5D 08 41 F5 B3 8D 6B
93 78 1A 00 13 86 3B A0 46 C6 93 7B 2A 00 13 7A
4A 00 63 04 C4 00 6F 10 E0 23 13 85 41 AB EF E0
4F FE 19 63 B1 65 B5 62 93 08 73 E4 93 83 25 E5
93 86 02 4B 25 6E 46 83 1E 85 B6 8E 13 04 2E A0
3D BF 85 46 36 86 81 44 81 4D 8D B7 05 4F CE 8E
93 19 2F 00 69 74 B7 98 98 00 33 83 E9 01 93 0D
14 00 93 8C F8 67 01 46 13 1D 13 00 F3 2A 10 C0
E3 07 0D 1A 85 45 68 10 23 18 91 02 76 DA CA C2
D2 C6 23 16 C1 06 23 A6 51 FF EA C4 82 D2 82 D4
EF C0 FF AF 83 54 41 06 13 7A F5 0F 93 52 1A 00
33 49 9A 00 13 7E 19 00 B3 0F C0 41 93 D5 14 00
B3 F6 BF 01 33 C7 B6 00 93 17 07 01 93 D3 07 01
33 C8 72 00 13 74 18 00 B3 08 80 40 93 DE 13 00
33 F6 B8 01 B3 49 D6 01 13 93 09 01 13 5F 03 01
13 5B 2A 00 33 4E EB 01 93 7F 1E 00 B3 05 F0 41
93 56 1F 00 33 F7 B5 01 B3 47 D7 00 93 93 07 01
93 D2 03 01 93 54 3A 00 33 C8 54 00 93 78 18 00
B3 0E 10 41 13 D6 12 00 B3 F9 BE 01 33 C3 C9 00
13 1F 03 01 93 54 0F 01 13 59 4A 00 33 49 99 00
13 7E 19 00 B3 0F C0 41 93 D5 14 00 B3 F6 BF 01
33 C7 B6 00 93 17 07 01 93 D3 07 01 13 5B 5A 00
33 4B 7B 00 13 78 1B 00 B3 08 00 41 13 D6 13 00
B3 F9 B8 01 33 C3 C9 00 13 1F 03 01 93 54 0F 01
13 54 6A 00 25 8C 21 81 93 72 F5 0F 13 75 14 00
33 0E A0 40 93 D5 14 00 B3 76 BE 01 33 C7 B6 00
93 17 07 01 93 D3 07 01 13 5A 7A 00 33 4A 7A 00
93 78 1A 00 33 06 10 41 93 D9 13 00 33 73 B6 01
33 4F 33 01 93 14 0F 01 13 D4 04 01 93 DE 12 00
13 D9 22 00 93 DF 32 00 13 DB 42 00 13 D8 52 00
13 D7 62 00 93 D3 72 00 B3 C2 82 00 13 F5 12 00
33 0E A0 40 93 55 14 00 B3 76 BE 01 B3 C7 B6 00
13 9A 07 01 93 58 0A 01 B3 CE 1E 01 13 F6 1E 00
B3 09 C0 40 13 D3 18 00 33 FF B9 01 B3 44 6F 00
13 94 04 01 93 52 04 01 33 49 59 00 13 7E 19 00
B3 06 C0 41 13 DA 12 00 B3 F7 B6 01 B3 C8 47 01
93 9E 08 01 13 D6 0E 01 B3 CF CF 00 93 F9 1F 00
33 03 30 41 13 5F 16 00 B3 74 B3 01 33 C4 E4 01
93 12 04 01 13 D9 02 01 33 4B 2B 01 13 7E 1B 00
B3 06 C0 41 13 5A 19 00 B3 F7 B6 01 B3 C8 47 01
93 9E 08 01 13 D6 0E 01 33 48 C8 00 93 7F 18 00
B3 09 F0 41 13 53 16 00 33 FF B9 01 B3 44 6F 00
13 94 04 01 93 52 04 01 33 47 57 00 13 79 17 00
33 0B 20 41 13 DE 12 00 B3 76 BB 01 33 CA C6 01
93 17 0A 01 93 D8 07 01 B3 C3 13 01 93 FE 13 00
33 06 D0 41 13 D8 18 00 B3 7F B6 01 B3 C9 0F 01
FD 55 68 10 23 12 31 07 EF C0 7F 8B 83 55 41 06
13 73 F5 0F 93 56 13 00 33 4F B3 00 93 74 1F 00
33 04 90 40 B3 72 B4 01 13 D7 15 00 33 C9 E2 00
13 1B 09 01 13 5E 0B 01 B3 C7 C6 01 93 F8 17 00
B3 03 10 41 B3 FE B3 01 13 56 1E 00 33 C8 CE 00
93 1F 08 01 93 D9 0F 01 13 5A 23 00 B3 45 3A 01
13 F4 15 00 B3 02 80 40 33 F7 B2 01 13 D9 19 00
33 4B 27 01 13 1E 0B 01 93 56 0E 01 13 5F 33 00
B3 48 DF 00 93 F3 18 00 B3 0E 70 40 33 F6 BE 01
13 D8 16 00 B3 4F 06 01 93 99 0F 01 13 DF 09 01
93 54 43 00 13 5A 53 00 93 57 63 00 13 54 73 00
33 C3 E4 01 93 74 13 00 B3 05 90 40 B3 F2 B5 01
13 57 1F 00 33 C9 E2 00 13 1B 09 01 13 5E 0B 01
B3 46 CA 01 13 FA 16 00 B3 0E 40 41 33 F6 BE 01
13 58 1E 00 B3 4F 06 01 93 99 0F 01 13 DF 09 01
B3 C7 E7 01 21 81 93 78 F5 0F 13 F5 17 00 33 03
A0 40 B3 74 B3 01 93 55 1F 00 33 C7 B4 00 13 19
07 01 13 5E 09 01 33 44 C4 01 13 7A 14 00 B3 0E
40 41 33 F6 BE 01 13 58 1E 00 B3 49 06 01 13 9F
09 01 13 55 0F 01 93 D3 18 00 93 D2 28 00 13 DB
38 00 93 D6 48 00 93 DF 58 00 13 D3 68 00 93 D7
78 00 B3 C8 A8 00 93 F4 18 00 B3 05 90 40 33 F7
B5 01 13 59 15 00 33 4E 27 01 13 14 0E 01 13 5A
04 01 B3 C3 43 01 13 F6 13 00 33 08 C0 40 B3 79
B8 01 13 5F 1A 00 33 C5 E9 01 93 18 05 01 93 D5
08 01 B3 C2 B2 00 13 F7 12 00 33 0E E0 40 33 74
BE 01 13 DA 15 00 B3 43 44 01 13 96 03 01 93 59
06 01 33 4B 3B 01 13 75 1B 00 B3 08 A0 40 B3 F5
B8 01 93 D2 19 00 33 C7 55 00 13 1E 07 01 13 54
0E 01 05 4B A1 8E B3 F3 66 01 B3 09 70 40 33 F5
B9 01 93 58 14 00 B3 45 15 01 93 92 05 01 13 D7
02 01 B3 CF EF 00 33 FE 6F 01 33 04 C0 41 B3 76
B4 01 93 53 17 00 B3 C9 76 00 13 95 09 01 93 58
05 01 33 43 13 01 B3 75 63 01 B3 02 B0 40 33 F7
B2 01 93 DF 18 00 33 4E F7 01 13 14 0E 01 93 56
04 01 B5 8F B3 F3 67 01 B3 09 70 40 33 F5 B9 01
93 D8 16 00 33 43 15 01 93 15 03 01 83 14 01 03
D2 5E 16 49 26 4F 36 4A 26 58 03 16 C1 06 93 D2
05 01 16 87 85 45 68 10 23 18 91 02 76 DA CA C2
FA C4 D2 C6 23 12 51 06 23 13 E1 06 C2 D4 23 16
C1 06 EF C0 CF E3 83 5E 41 06 93 74 F5 0F 13 DE
14 00 33 C9 D4 01 13 78 19 00 33 0F 00 41 13 DA
1E 00 33 76 BF 01 B3 42 46 01 13 97 02 01 93 5F
07 01 B3 46 FE 01 93 F7 16 00 B3 03 F0 40 93 D9
1F 00 B3 F8 B3 01 33 C3 38 01 93 15 03 01 93 DE
05 01 13 D4 24 00 33 48 D4 01 13 7A 18 00 33 06
40 41 93 D2 1E 00 33 77 B6 01 B3 4F 57 00 13 9E
0F 01 13 54 0E 01 13 D9 34 00 B3 47 89 00 93 F9
17 00 B3 08 30 41 13 53 14 00 B3 F5 B8 01 B3 CE
65 00 13 99 0E 01 13 58 09 01 13 DF 44 00 33 4F
0F 01 13 7A 1F 00 33 06 40 41 93 52 18 00 33 77
B6 01 B3 4F 57 00 13 9E 0F 01 13 54 0E 01 93 D6
54 00 A1 8E 93 F8 16 00 33 03 10 41 93 55 14 00
B3 7E B3 01 33 C9 BE 00 13 18 09 01 21 81 93 77
F5 0F 93 D3 64 00 13 55 08 01 B3 C3 A3 00 13 F6
13 00 B3 02 C0 40 93 5F 15 00 33 F7 B2 01 33 4E
F7 01 13 14 0E 01 93 58 04 01 9D 80 B3 C4 14 01
93 F5 14 00 B3 0E B0 40 13 D9 18 00 33 F8 BE 01
33 45 28 01 93 13 05 01 93 D2 03 01 93 D9 17 00
13 DF 27 00 13 DA 37 00 13 D3 47 00 93 D6 57 00
93 DF 67 00 13 D6 77 00 B3 C7 57 00 13 F7 17 00
33 0E E0 40 13 D4 12 00 B3 78 BE 01 B3 C4 88 00
93 95 04 01 93 DE 05 01 B3 C9 D9 01 13 F9 19 00
33 08 20 41 93 D3 1E 00 B3 72 B8 01 B3 C7 72 00
13 97 07 01 13 5E 07 01 33 4F CF 01 13 74 1F 00
B3 08 80 40 93 54 1E 00 B3 FE B8 01 B3 C9 9E 00
13 99 09 01 13 58 09 01 33 4A 0A 01 93 73 1A 00
B3 02 70 40 93 57 18 00 33 F7 B2 01 33 4E F7 00
13 1F 0E 01 13 54 0F 01 33 43 83 00 93 78 13 00
B3 04 10 41 93 5E 14 00 B3 F9 B4 01 33 C9 D9 01
13 18 09 01 13 5A 08 01 B3 C6 46 01 93 F3 16 00
B3 02 70 40 33 F7 B2 01 93 57 1A 00 33 4E F7 00
13 1F 0E 01 13 54 0F 01 B3 CF 8F 00 13 F3 1F 00
B3 08 60 40 B3 FE B8 01 93 54 14 00 B3 C9 9E 00
13 99 09 01 13 58 09 01 33 46 06 01 13 7A 16 00
B3 06 40 41 93 53 18 00 B3 F2 B6 01 B3 C7 72 00
FD 55 68 10 23 12 F1 06 EF C0 6F BF 83 55 41 06
13 7E F5 0F 93 59 1E 00 33 47 BE 00 13 7F 17 00
33 04 E0 41 B3 7F B4 01 13 D3 15 00 B3 C8 6F 00
93 94 08 01 93 DE 04 01 33 C8 D9 01 13 76 18 00
33 0A C0 40 B3 73 BA 01 93 D6 1E 00 B3 C2 D3 00
93 97 02 01 93 D5 07 01 13 59 2E 00 33 47 B9 00
93 7F 17 00 33 03 F0 41 B3 78 B3 01 93 D4 15 00
B3 CE 98 00 93 99 0E 01 13 D9 09 01 13 5F 3E 00
33 46 2F 01 93 73 16 00 B3 06 70 40 B3 F2 B6 01
93 57 19 00 B3 C5 F2 00 13 9F 05 01 13 57 0F 01
13 54 4E 00 13 58 5E 00 13 5A 6E 00 93 5F 7E 00
33 4E E4 00 13 74 1E 00 33 03 80 40 B3 78 B3 01
93 54 17 00 B3 CE 98 00 93 99 0E 01 13 D9 09 01
33 48 28 01 93 76 18 00 B3 02 D0 40 B3 F7 B2 01
93 55 19 00 33 CF B7 00 13 17 0F 01 21 81 93 73
F5 0F 13 55 07 01 33 4A AA 00 13 7E 1A 00 B3 08
C0 41 B3 F4 B8 01 93 5E 15 00 B3 C9 D4 01 13 99
09 01 13 58 09 01 B3 CF 0F 01 93 F7 1F 00 B3 05
F0 40 33 FF B5 01 13 57 18 00 33 45 EF 00 13 1A
05 01 13 5E 0A 01 13 D6 13 00 13 D4 23 00 13 D3
33 00 93 D6 43 00 93 D2 53 00 93 D9 63 00 93 DF
73 00 B3 C3 C3 01 93 F8 13 00 B3 04 10 41 B3 FE
B4 01 13 59 1E 00 33 C8 2E 01 93 17 08 01 93 D5
07 01 2D 8E 13 7F 16 00 33 07 E0 41 33 75 B7 01
13 DA 15 00 33 4E 45 01 93 13 0E 01 93 D8 03 01
33 44 14 01 13 78 14 00 B3 07 00 41 B3 F5 B7 01
13 D6 18 00 33 CF C5 00 13 17 0F 01 13 55 07 01
33 43 A3 00 13 7E 13 00 B3 03 C0 41 B3 F8 B3 01
13 54 15 00 33 C8 88 00 93 17 08 01 93 D5 07 01
AD 8E 13 F6 16 00 33 05 C0 40 33 73 B5 01 13 DE
15 00 B3 43 C3 01 93 98 03 01 13 D4 08 01 B3 C2
82 00 93 F7 12 00 B3 05 F0 40 B3 F6 B5 01 13 55
14 00 33 C3 A6 00 13 1E 03 01 93 53 0E 01 B3 C9
79 00 93 F8 19 00 33 04 10 41 B3 72 B4 01 93 D7
13 00 B3 C5 F2 00 93 96 05 01 13 D5 06 01 B3 CF
AF 00 13 F3 1F 00 33 0E 60 40 B3 73 BE 01 93 59
15 00 B3 C8 33 01 13 94 08 01 05 0B 83 14 01 03
D2 5E 16 49 26 4F 36 4A 03 57 61 06 26 58 03 16
C1 06 93 52 04 01 E3 6F AB B3 73 2D 10 C0 B3 0A
5D 41 63 E0 5C 03 93 19 2F 00 33 83 E9 01 23 A8
A1 FF 13 1D 13 00 F3 2A 10 C0 63 1D 0D E4 01 4F
E9 BF B7 9D 98 00 93 8C 0D 68 33 DB 9A 03 29 47
33 58 67 03 93 07 18 00 33 8B E7 03 F3 2D 10 C0
23 A6 B1 FF 63 01 0B 7E 23 A8 A1 FF 5A 84 6F E0
CF 8B 01 46 93 04 60 06 6F E0 4F 87 93 8C 55 00
63 E3 0C 03 63 E4 25 01 6F E0 0F 89 13 88 15 00
05 46 63 64 09 01 33 06 B9 40 2E 95 81 45 EF 00
B0 12 6F E0 6F 87 13 1B 2F 00 13 8F 81 95 B3 0F
6F 01 83 AB 0F 03 85 06 33 0C B5 00 83 CA 0B 00
93 9D 06 01 93 D6 0D 01 85 05 23 00 5C 01 11 47
03 CF 1B 00 33 0D B5 00 91 4A 23 00 ED 01 83 C3
2B 00 23 01 7C 00 83 C2 3B 00 A3 01 5C 00 63 14
57 01 6F D0 3F FC 83 CD 4B 00 21 47 23 02 BC 01
03 CB 5B 00 A3 02 6C 01 83 C5 6B 00 23 03 BC 00
83 CB 7B 00 A3 03 7C 01 6F D0 DF F9 93 1A 2F 00
93 8D 81 95 33 87 5D 01 83 2B 07 01 6F D0 9F F3
83 CF 0B 00 85 05 21 47 23 00 FC 01 51 BF F2 5F
91 46 93 1D 06 01 93 8E FF FF 13 F7 CE FF B3 EA
BD 00 93 02 47 00 63 93 0A 00 85 4A 81 4E F6 8F
85 0E 33 83 DE 03 93 17 33 00 E3 EA 27 FF B3 88
FF 03 13 9E 18 00 33 8B C2 01 63 82 0F 24 13 93
1F 00 DA 83 05 46 81 47 33 8F 62 41 22 C6 4A C8
33 84 CE 40 13 79 34 00 B2 8C 1E 84 63 04 09 0E
05 4C 63 0C 89 09 89 4B 63 06 79 05 33 0D 56 03
93 1A 06 01 93 DD 0A 01 B3 08 7F 00 13 84 23 00
05 06 13 57 FD 41 13 5C 07 01 33 09 8D 01 93 1B
09 01 13 DD 0B 01 B3 0A 8D 41 33 87 5D 01 13 1C
07 01 13 59 0C 01 CA 9D 93 FB FD 0F 23 90 23 01
23 90 78 01 33 0D 56 03 93 1A 06 01 13 D7 0A 01
B3 08 8F 00 05 06 09 04 13 5C FD 41 93 5D 0C 01
33 09 BD 01 93 1B 09 01 13 DD 0B 01 B3 0A BD 41
33 0C 57 01 93 1D 0C 01 13 D9 0D 01 4A 97 23 1F
24 FF 93 7B F7 0F 23 90 78 01 33 0D 56 03 93 1A
06 01 13 DC 0A 01 B3 08 8F 00 05 06 09 04 93 5D
FD 41 13 D7 0D 01 33 09 ED 00 93 1B 09 01 13 DD
0B 01 B3 0A ED 40 B3 0D 5C 01 13 97 0D 01 13 59
07 01 4A 9C 23 1F 24 FF 93 7B FC 0F 23 90 78 01
63 85 CE 10 33 09 56 03 93 08 16 00 13 07 26 00
93 9A 08 01 93 1D 07 01 93 DB 0A 01 93 DA 0D 01
13 1D 06 01 13 5C 0D 01 13 0D 36 00 93 5D F9 41
93 DD 0D 01 6E 99 42 09 13 59 09 01 B3 0D B9 41
B3 88 B8 03 33 09 BC 01 93 1D 09 01 13 D9 0D 01
93 1D 0D 01 23 10 24 01 4A 9C 13 D9 0D 01 13 7C
FC 0F 11 06 93 DD F8 41 93 DD 0D 01 EE 98 C2 08
93 D8 08 01 B3 8D B8 41 33 07 B7 03 B3 88 BB 01
93 9D 08 01 93 D8 0D 01 C6 9B B3 0D 8F 00 23 90
8D 01 13 FC FB 0F 23 11 14 01 23 91 8D 01 93 5B
F7 41 93 D8 0B 01 46 97 13 1C 07 01 13 57 0C 01
33 0C 17 41 33 0D 8D 03 B3 88 8A 01 13 97 08 01
13 5C 07 01 E2 9A 23 12 84 01 93 F8 FA 0F 23 92
1D 01 EE 8B 21 04 93 5D FD 41 13 D7 0D 01 3A 9D
13 1C 0D 01 93 5A 0C 01 B3 8A EA 40 B3 08 59 01
93 9D 08 01 13 D7 0D 01 3A 99 23 1F E4 FE 13 7D
F9 0F 23 93 AB 01 E3 9F CE EE 85 07 33 86 FC 01
FE 9E 9A 93 E3 9E F7 DF 32 44 42 49 B3 0C CB 01
13 86 FC FF 13 73 C6 FF 13 0E 43 00 F2 D0 96 CC
DA CE FE CA 99 C2 6F D0 FF C5 6F D0 FF D5 01 4E
F1 BF 62 5F 91 46 B7 DC CC CC 13 8D DC CC 33 3E
A9 03 E1 7E 23 20 0F 00 93 8F 0E 08 93 08 0F 01
FA 87 E1 72 13 0D 8F 00 13 53 4E 00 13 0E E3 FF
93 13 3E 00 FA 93 23 22 7F 00 13 17 2E 00 23 91
03 00 23 90 F3 01 33 8B E3 00 93 8A 43 00 63 F8
78 42 13 83 83 00 63 74 63 43 23 24 0F 00 23 20
AF 01 23 26 5F 01 93 CB F2 FF 7D 5C 23 93 73 01
23 92 83 01 E1 7E 93 9C 05 01 93 8F 88 00 93 CB
FE FF 93 D2 0C 01 81 4E 63 FC 7F 04 93 0A 43 00
63 F9 6A 4F 13 97 0E 01 13 5C 07 01 23 A0 A8 01
33 CD 82 01 93 1C 3D 00 13 F7 8C 07 13 7C 7C 00
33 6D 87 01 23 20 1F 01 93 1C 8D 00 23 A2 68 00
33 07 9D 01 23 11 73 01 85 0E 23 10 E3 00 63 06
DE 3B 46 8D FE 88 93 8F 88 00 56 83 E3 E8 7F FA
03 23 0D 00 63 09 03 06 37 DF CC CC 93 03 DF CC
33 3E 7E 02 11 6B 93 02 FB FF 93 03 00 20 85 48
93 5B 2E 00 05 A0 83 2F 03 00 13 8E 03 10 23 11
1C 01 13 1B 0E 01 93 53 0B 01 85 08 63 8D 0F 02
1A 8D 7E 83 03 2C 4D 00 E3 EF 78 FD 13 FD 03 70
B3 CC 15 01 83 2F 03 00 B3 6E 9D 01 13 87 03 10
B3 FA 5E 00 13 1F 07 01 23 11 5C 01 93 53 0F 01
85 08 E3 97 0F FC 05 4F FA 83 81 4E 81 48 81 4F
93 72 7F 00 85 0F 3E 87 01 43 63 8A 02 04 63 59
E3 09 98 43 05 43 49 C7 63 83 62 04 89 4B 63 8D
72 03 0D 4C 63 87 82 03 11 4D 63 81 A2 03 95 4C
63 8B 92 01 99 4A 63 85 52 01 18 43 5E 83 2D C3
18 43 05 03 31 CF 18 43 05 03 39 CB 18 43 05 03
21 CB 18 43 05 03 29 C7 18 43 05 03 31 C3 63 51
E3 05 18 43 05 03 1A 8E 05 CF 18 43 05 03 0D CB
18 43 13 03 2E 00 0D C7 18 43 13 03 3E 00 0D C3
18 43 13 03 4E 00 09 CF 18 43 13 03 5E 00 09 CB
18 43 13 03 6E 00 09 C7 18 43 13 03 7E 00 61 F3
FA 8A 63 56 60 06 63 8F 0A 1C 63 08 07 20 83 AC
47 00 03 2B 47 00 03 9E 0C 00 83 1B 2B 00 03 9C
2C 00 13 1D 0E 01 93 52 0D 01 13 7E 0E F0 13 DD
82 00 B3 62 AE 01 23 90 5C 00 03 1E 0B 00 93 1C
0E 01 13 DD 0C 01 93 72 0E F0 13 5E 8D 00 B3 EC
C2 01 23 10 9B 01 63 D2 8B 1D 3A 8B 18 43 FD 1A
63 8A 08 1A 23 A0 68 01 DA 88 E3 4E 60 F8 63 52
50 21 63 0D 07 14 E3 1C 03 F8 13 8B FA FF 93 72
7B 00 63 8F 02 0A 83 2B 07 00 DA 8A 63 8F 08 1A
23 A0 E8 00 BA 88 63 8B 0B 12 05 4C 5E 87 63 81
82 0B 09 4D 63 83 A2 09 8D 4C 63 85 92 07 11 4E
63 87 C2 05 15 43 63 89 62 02 99 47 63 8B F2 00
03 A7 0B 00 FD 1A 63 88 08 1A 23 A0 78 01 DE 88
75 CF 03 2B 07 00 FD 1A 63 88 08 18 23 A0 E8 00
BA 88 5A 87 63 04 0B 0E 83 22 07 00 FD 1A 63 8B
08 16 23 A0 E8 00 BA 88 16 87 63 89 02 0C 83 2B
07 00 FD 1A 63 8E 08 14 23 A0 E8 00 BA 88 5E 87
63 8E 0B 0A 03 2C 07 00 FD 1A 63 81 08 14 23 A0
E8 00 BA 88 62 87 63 03 0C 0A 03 2D 07 00 FD 1A
63 8F 08 10 23 A0 E8 00 BA 88 6A 87 63 08 0D 08
83 2C 07 00 FD 1A 63 8E 08 0C 23 A0 E8 00 63 8D
0A 0C BA 88 63 8C 0C 06 03 AE 0C 00 69 CB 23 20
97 01 E6 88 63 04 0E 06 03 27 0E 00 63 83 0C 0C
23 A0 CC 01 F2 88 39 CB 03 23 07 00 63 0D 0E 0A
23 20 EE 00 BA 88 63 03 03 04 83 27 03 00 55 C7
23 20 67 00 9A 88 9D CB 03 AB 07 00 63 01 03 0A
23 20 F3 00 BE 88 63 03 0B 02 83 22 0B 00 D1 CB
23 A0 67 01 DA 88 63 8B 02 00 03 A7 02 00 E5 1A
63 03 0B 08 23 20 5B 00 96 88 3D FB 23 A0 08 00
63 81 7F 08 06 0F 63 8B 0E 08 76 87 81 47 81 4E
81 4F 35 A0 83 AA 07 00 7D 13 63 8D 08 00 23 A0
F8 00 63 0C 03 00 BE 88 D6 87 83 AA 07 00 7D 13
E3 97 08 FE BE 8E E3 18 03 FE BE 88 61 D3 BE 88
BA 87 B9 B3 DA 8E DA 88 89 BD 3E 8B 7D 13 9C 43
81 B5 BA 8E E3 97 0A F2 BA 87 66 87 F9 BF E6 8E
0D BF F2 8E 81 B7 BA 8E B1 B7 9A 8E A1 BF BE 8E
95 B7 DA 8E 85 BF 96 8E 41 B7 BA 8E A1 B5 BA 8E
E5 B5 F6 C8 E3 80 0D BA F2 5F 25 B2 BA 8E D1 B5
BA 8E 6D B5 BA 8E 41 BD BA 8E 9D BD 23 20 00 00
02 90 C6 87 59 BF DE 8E 99 BD 46 8D 95 B1 EA 88
56 83 01 4D C5 BE 81 4C 01 4D 01 4C 81 4A 6F E0
6F A9 13 85 41 B7 EF D0 CF DC A5 6F 39 6F 93 88
4F D8 93 06 1F 3C 93 03 70 74 46 83 B6 8E 1E 85
6F E0 FF D2 15 68 13 07 48 9F 63 12 E4 10 13 85
41 B4 EF D0 0F DA B9 6E A5 6F 09 6F 93 88 AF E3
93 03 7F FD 93 86 4E 71 BD 64 46 83 1E 85 B6 8E
13 84 54 9F 6F E0 BF CF 13 85 41 AE EF D0 6F D7
11 6E 05 68 0D 67 93 08 FE 9B 93 03 98 19 93 06
07 34 46 83 1E 85 B6 8E 6F E0 7F CD 93 89 01 00
83 15 C1 02 06 45 4E DC 13 8F 01 00 13 09 00 7D
13 08 F0 7C CD B4 13 8C 1A 00 93 0C 00 7D 33 D9
8C 03 56 87 63 84 0A 00 6F D0 AF EE 93 89 01 00
6F D0 2F EF 13 87 1A 00 A1 E6 93 0D 00 7D 33 D9
ED 02 93 89 01 00 63 92 0A 06 83 15 C1 02 06 45
13 08 F9 FF B3 8E 27 03 B3 8F D9 01 7E DE 63 93
0A 04 81 46 6F F0 FF 80 01 46 93 04 60 06 6F D0
8F E9 85 0E E3 0E DE B5 C6 8F 9A 8A EA 88 91 B6
93 82 2A 00 13 03 00 7D 33 59 53 02 63 9B 0A 02
93 89 01 00 89 4D 33 8B 27 03 B3 8B 69 01 5E DE
6F D0 2F E8 62 5F 89 4D B9 B4 4E DC 79 BF 29 67
93 07 17 00 C1 6F 3D 8C 93 84 FF FF FD 5D 6F E0
BF A7 89 4D 6F D0 EF E4 B3 06 B5 00 93 07 05 00
63 98 05 00 6F 00 C0 01 93 87 17 00 63 86 D7 00
03 C7 07 00 E3 1A 07 FE 33 85 A7 40 67 80 00 00
13 05 00 00 67 80 00 00 13 03 F0 00 13 07 05 00
63 7E C3 02 93 77 F7 00 63 90 07 0A 63 92 05 08
93 76 06 FF 13 76 F6 00 B3 86 E6 00 23 20 B7 00
23 22 B7 00 23 24 B7 00 23 26 B7 00 13 07 07 01
E3 66 D7 FE 63 14 06 00 67 80 00 00 B3 06 C3 40
93 96 26 00 97 02 00 00 B3 86 56 00 67 80 C6 00
23 07 B7 00 A3 06 B7 00 23 06 B7 00 A3 05 B7 00
23 05 B7 00 A3 04 B7 00 23 04 B7 00 A3 03 B7 00
23 03 B7 00 A3 02 B7 00 23 02 B7 00 A3 01 B7 00
23 01 B7 00 A3 00 B7 00 23 00 B7 00 67 80 00 00
93 F5 F5 0F 93 96 85 00 B3 E5 D5 00 93 96 05 01
B3 E5 D5 00 6F F0 DF F6 93 96 27 00 97 02 00 00
B3 86 56 00 93 82 00 00 E7 80 06 FA 93 80 02 00
93 87 07 FF 33 07 F7 40 33 06 F6 00 E3 78 C3 F6
6F F0 DF F3 13 08 06 00 93 08 05 00 13 87 05 00
63 9E 06 0C 63 FA C5 12 B7 07 01 00 63 68 F6 1E
B7 07 00 01 93 06 80 01 63 74 F6 00 93 06 00 01
33 53 D6 00 93 87 81 99 B3 87 67 00 83 C7 07 00
13 03 00 02 B3 87 D7 00 B3 06 F3 40 63 0C F3 00
33 97 D5 00 B3 57 F5 00 33 E7 E7 00 33 18 D6 00
B3 18 D5 00 13 56 08 01 33 55 C7 02 93 16 08 01
93 D6 06 01 93 D7 08 01 33 77 C7 02 B3 85 A6 02
13 17 07 01 B3 E7 E7 00 63 FC B7 00 B3 07 F8 00
13 07 F5 FF 63 E4 07 01 63 E6 B7 3E 13 05 07 00
B3 87 B7 40 33 D7 C7 02 93 98 08 01 93 D8 08 01
B3 F7 C7 02 B3 86 E6 02 93 97 07 01 B3 E8 F8 00
63 FE D8 00 B3 08 18 01 93 07 F7 FF 63 E6 08 01
13 07 E7 FF 63 E4 D8 00 13 87 07 00 13 15 05 01
33 65 E5 00 93 05 00 00 67 80 00 00 63 F8 D5 00
93 05 00 00 13 05 00 00 67 80 00 00 B7 07 01 00
63 E2 F6 1E 37 07 00 01 93 07 80 01 63 F4 E6 00
93 07 00 01 33 D8 F6 00 13 87 81 99 33 07 07 01
03 47 07 00 13 08 00 02 33 07 F7 00 B3 08 E8 40
63 10 E8 1E 63 EC B6 30 33 35 C5 00 13 35 15 00
93 05 00 00 67 80 00 00 63 0A 06 0C B7 07 01 00
63 74 F6 2E 13 37 06 10 13 37 17 00 13 17 37 00
B3 56 E6 00 93 87 81 99 B3 87 D7 00 83 C7 07 00
93 06 00 02 B3 87 E7 00 B3 8E F6 40 63 92 F6 0C
B3 87 C5 40 93 56 06 01 13 16 06 01 13 56 06 01
93 05 10 00 33 D5 D7 02 13 D7 08 01 B3 F7 D7 02
33 03 C5 02 93 97 07 01 B3 67 F7 00 63 FC 67 00
B3 07 F8 00 13 07 F5 FF 63 E4 07 01 63 EE 67 2A
13 05 07 00 B3 87 67 40 33 D7 D7 02 93 98 08 01
93 D8 08 01 B3 F7 D7 02 33 06 C7 02 93 97 07 01
B3 E8 F8 00 63 FE C8 00 B3 08 18 01 93 07 F7 FF
63 E6 08 01 13 07 E7 FF 63 E4 C8 00 13 87 07 00
13 15 05 01 33 65 E5 00 67 80 00 00 93 36 06 10
93 B6 16 00 93 96 36 00 6F F0 9F E1 93 06 00 00
93 87 81 99 B3 87 D7 00 83 C7 07 00 13 07 00 00
93 06 00 02 B3 87 E7 00 B3 8E F6 40 E3 82 F6 F4
33 18 D6 01 33 D3 F5 00 93 56 08 01 33 5E D3 02
13 16 08 01 B3 95 D5 01 13 56 06 01 B3 57 F5 00
B3 E7 B7 00 13 D7 07 01 B3 18 D5 01 33 73 D3 02
B3 05 C6 03 13 13 03 01 33 67 67 00 63 7E B7 00
33 07 E8 00 13 05 FE FF 63 60 07 1F 63 7E B7 1C
13 0E EE FF 33 07 07 01 33 07 B7 40 33 55 D7 02
93 97 07 01 93 D7 07 01 33 77 D7 02 33 03 A6 02
13 17 07 01 B3 E7 E7 00 63 FE 67 00 B3 07 F8 00
13 07 F5 FF 63 EA 07 19 63 F8 67 18 13 05 E5 FF
B3 87 07 01 93 15 0E 01 B3 E5 A5 00 B3 87 67 40
6F F0 5F EB 93 B7 06 10 93 B7 17 00 93 97 37 00
33 D8 F6 00 13 87 81 99 33 07 07 01 03 47 07 00
13 08 00 02 33 07 F7 00 B3 08 E8 40 E3 04 E8 E2
33 5E E6 00 B3 96 16 01 33 6E DE 00 33 D8 E5 00
93 5E 0E 01 B3 57 D8 03 13 13 0E 01 B3 95 15 01
13 53 03 01 33 57 E5 00 33 67 B7 00 93 56 07 01
33 16 16 01 33 78 D8 03 B3 05 F3 02 13 18 08 01
B3 E6 06 01 63 FE B6 00 B3 06 DE 00 13 88 F7 FF
63 E8 C6 11 63 F6 B6 10 93 87 E7 FF B3 86 C6 01
B3 86 B6 40 33 D8 D6 03 13 17 07 01 13 57 07 01
B3 F6 D6 03 B3 05 03 03 93 96 06 01 33 67 D7 00
63 7E B7 00 33 07 EE 00 93 06 F8 FF 63 62 C7 0D
63 70 B7 0C 13 08 E8 FF 33 07 C7 01 93 97 07 01
93 16 08 01 13 13 06 01 B3 E7 07 01 93 D6 06 01
13 53 03 01 13 D8 07 01 13 56 06 01 33 0E 68 02
33 07 B7 40 33 83 66 02 B3 86 C6 02 93 55 03 01
B3 86 C6 01 B3 86 D5 00 33 08 C8 02 63 F6 C6 01
37 06 01 00 33 08 C8 00 13 D6 06 01 33 06 06 01
63 66 C7 02 63 08 C7 00 13 85 07 00 93 05 00 00
67 80 00 00 13 13 03 01 13 53 03 01 93 96 06 01
33 15 15 01 B3 86 66 00 E3 70 D5 FE 13 85 F7 FF
93 05 00 00 67 80 00 00 B7 07 00 01 63 7A F6 04
93 56 06 01 13 07 00 01 6F F0 DF D1 93 05 00 00
13 05 10 00 67 80 00 00 13 05 07 00 6F F0 9F E7
13 88 06 00 6F F0 9F F4 13 0E 05 00 6F F0 DF E2
93 07 08 00 6F F0 DF EF 13 05 E5 FF B3 87 07 01
6F F0 5F D4 13 05 E5 FF B3 87 07 01 6F F0 5F C1
93 56 86 01 13 07 80 01 6F F0 DF CC 13 08 06 00
93 08 05 00 93 87 05 00 13 87 05 00 63 96 06 0C
63 F6 C5 12 B7 07 01 00 63 66 F6 1C B7 07 00 01
93 06 80 01 63 74 F6 00 93 06 00 01 33 53 D6 00
93 87 81 99 B3 87 67 00 83 C7 07 00 13 03 00 02
B3 87 D7 00 B3 06 F3 40 63 0C F3 00 33 97 D5 00
B3 57 F5 00 33 E7 E7 00 33 18 D6 00 B3 18 D5 00
93 55 08 01 33 56 B7 02 13 13 08 01 13 53 03 01
93 D7 08 01 33 77 B7 02 33 06 66 02 13 17 07 01
B3 E7 E7 00 63 F8 C7 00 B3 07 F8 00 63 E4 07 01
63 E8 C7 3A B3 87 C7 40 33 D7 B7 02 13 95 08 01
13 55 05 01 B3 F7 B7 02 33 07 67 02 93 97 07 01
33 65 F5 00 63 7A E5 00 33 05 A8 00 63 66 05 01
63 74 E5 00 33 05 05 01 33 05 E5 40 33 55 D5 00
93 05 00 00 67 80 00 00 63 F4 D5 00 67 80 00 00
37 07 01 00 63 E0 E6 1C 37 07 00 01 13 08 80 01
63 F4 E6 00 13 08 00 01 33 D3 06 01 13 87 81 99
33 07 67 00 03 47 07 00 13 03 00 02 33 07 07 01
33 08 E3 40 63 1E E3 1A 63 E4 B6 00 63 6A C5 00
B3 08 C5 40 B3 37 15 01 B3 86 D5 40 B3 87 F6 40
13 85 08 00 93 85 07 00 67 80 00 00 63 0C 06 0A
B7 07 01 00 63 7C F6 2C 13 37 06 10 13 37 17 00
13 17 37 00 B3 56 E6 00 93 87 81 99 B3 87 D7 00
83 C7 07 00 13 03 00 02 B3 87 E7 00 B3 06 F3 40
63 14 F3 0A 33 87 C5 40 13 53 06 01 13 16 06 01
13 56 06 01 B3 55 67 02 93 D7 08 01 33 77 67 02
B3 85 C5 02 13 17 07 01 B3 E7 E7 00 63 FA B7 00
B3 07 F8 00 63 E6 07 01 63 F4 B7 00 B3 87 07 01
B3 87 B7 40 33 D7 67 02 93 98 08 01 93 D8 08 01
B3 F7 67 02 33 07 C7 02 13 95 07 01 33 E5 A8 00
E3 64 E5 EE 33 05 E5 40 33 55 D5 00 93 05 00 00
67 80 00 00 93 36 06 10 93 B6 16 00 93 96 36 00
6F F0 DF E3 93 06 00 00 93 87 81 99 B3 87 D7 00
83 C7 07 00 13 07 00 00 13 03 00 02 B3 87 E7 00
B3 06 F3 40 E3 00 F3 F6 33 18 D6 00 33 DE F5 00
13 53 08 01 B3 5E 6E 02 13 16 08 01 B3 95 D5 00
33 57 F5 00 13 56 06 01 33 67 B7 00 93 57 07 01
B3 18 D5 00 33 7E 6E 02 B3 85 CE 02 13 1E 0E 01
B3 E7 C7 01 63 FA B7 00 B3 07 F8 00 63 E6 07 01
63 F4 B7 00 B3 87 07 01 B3 87 B7 40 B3 D5 67 02
13 17 07 01 13 57 07 01 B3 F7 67 02 B3 85 C5 02
93 97 07 01 33 67 F7 00 63 7A B7 00 33 07 E8 00
63 66 07 01 63 74 B7 00 33 07 07 01 33 07 B7 40
6F F0 5F EE 13 B8 06 10 13 38 18 00 13 18 38 00
33 D3 06 01 13 87 81 99 33 07 67 00 03 47 07 00
13 03 00 02 33 07 07 01 33 08 E3 40 E3 06 E3 E4
B3 96 06 01 B3 58 E6 00 B3 E8 D8 00 33 D3 E5 00
13 DE 08 01 B3 56 C3 03 93 9E 08 01 93 DE 0E 01
B3 57 E5 00 B3 95 05 01 B3 E5 B7 00 93 D7 05 01
33 16 06 01 33 15 05 01 33 73 C3 03 33 8F DE 02
13 13 03 01 B3 E7 67 00 63 FE E7 01 B3 87 F8 00
13 83 F6 FF 63 EA 17 11 63 F8 E7 11 93 86 E6 FF
B3 87 17 01 B3 87 E7 41 33 DF C7 03 93 95 05 01
93 D5 05 01 B3 F7 C7 03 B3 8E EE 03 93 97 07 01
B3 E7 F5 00 63 FE D7 01 B3 87 F8 00 93 05 FF FF
63 E8 17 0D 63 F6 D7 0D 13 0F EF FF B3 87 17 01
93 96 06 01 13 1E 0F 01 B3 E6 E6 01 13 13 06 01
13 5E 0E 01 13 53 03 01 93 D6 06 01 13 5F 06 01
B3 8F 66 02 B3 85 D7 41 33 03 6E 02 33 0E EE 03
93 57 03 01 33 0E FE 01 B3 87 C7 01 B3 86 E6 03
63 F6 F7 01 37 0E 01 00 B3 86 C6 01 13 DE 07 01
13 13 03 01 13 53 03 01 93 97 07 01 B3 06 DE 00
B3 87 67 00 63 E8 D5 02 63 84 D5 02 B3 07 F5 40
33 35 F5 00 B3 85 D5 40 B3 85 A5 40 33 97 E5 00
33 D5 07 01 B3 D5 05 01 33 65 A7 00 67 80 00 00
E3 7E F5 FC 33 86 C7 40 B3 B7 C7 00 B3 87 17 01
B3 86 F6 40 93 07 06 00 6F F0 5F FC B7 07 00 01
63 74 F6 02 93 56 06 01 13 07 00 01 6F F0 DF D2
13 8F 05 00 6F F0 DF F3 93 06 03 00 6F F0 9F EF
B3 87 07 01 6F F0 1F C5 93 56 86 01 13 07 80 01
6F F0 9F D0 00 00 00 00 00 00 00 00 00 00 00 00
97 82 B7 FF 93 82 42 A9 82 82 13 00 00 00 13 00
00 00 13 00 00 00 13 00 00 00 13 00 00 00 01 00
13 00 00 00 13 00 00 00 13 00 00 00 13 00 00 00
13 00 00 00 13 00 00 00 00 00 00 00 00 00 00 00
@00008AA0
26 44 48 00 4C 43 48 00 2E 44 48 00 4C 43 48 00
4C 43 48 00 4C 43 48 00 4C 43 48 00 AA 44 48 00
4C 43 48 00 4C 43 48 00 30 43 48 00 12 44 48 00
4C 43 48 00 30 43 48 00 74 43 48 00 74 43 48 00
74 43 48 00 74 43 48 00 74 43 48 00 74 43 48 00
74 43 48 00 74 43 48 00 74 43 48 00 4C 43 48 00
4C 43 48 00 4C 43 48 00 4C 43 48 00 4C 43 48 00
4C 43 48 00 4C 43 48 00 4C 43 48 00 4C 43 48 00
4C 43 48 00 4C 43 48 00 4C 43 48 00 4C 43 48 00
4C 43 48 00 4C 43 48 00 4C 43 48 00 4C 43 48 00
4C 43 48 00 4C 43 48 00 4C 43 48 00 4C 43 48 00
4C 43 48 00 4C 43 48 00 4C 43 48 00 4C 43 48 00
4C 43 48 00 4C 43 48 00 4C 43 48 00 4C 43 48 00
4C 43 48 00 9C 4B 48 00 4C 43 48 00 4C 43 48 00
4C 43 48 00 4C 43 48 00 4C 43 48 00 4C 43 48 00
4C 43 48 00 4C 43 48 00 4C 43 48 00 4C 43 48 00
46 49 48 00 7E 49 48 00 4C 43 48 00 94 41 48 00
4C 43 48 00 4C 43 48 00 4C 43 48 00 4C 43 48 00
4C 43 48 00 DA 47 48 00 4C 43 48 00 4C 43 48 00
E4 47 48 00 10 48 48 00 4C 43 48 00 4C 43 48 00
C4 48 48 00 4C 43 48 00 AA 49 48 00 4C 43 48 00
4C 43 48 00 BE 44 48 00 D4 8D 48 00 E0 8D 48 00
EC 8D 48 00 F8 8D 48 00 A4 8D 48 00 B0 8D 48 00
BC 8D 48 00 C8 8D 48 00 74 8D 48 00 80 8D 48 00
8C 8D 48 00 98 8D 48 00 04 8E 48 00 0C 8E 48 00
14 8E 48 00 1C 8E 48 00 00 01 02 02 03 03 03 03
04 04 04 04 04 04 04 04 05 05 05 05 05 05 05 05
05 05 05 05 05 05 05 05 06 06 06 06 06 06 06 06
06 06 06 06 06 06 06 06 06 06 06 06 06 06 06 06
06 06 06 06 06 06 06 06 07 07 07 07 07 07 07 07
07 07 07 07 07 07 07 07 07 07 07 07 07 07 07 07
07 07 07 07 07 07 07 07 07 07 07 07 07 07 07 07
07 07 07 07 07 07 07 07 07 07 07 07 07 07 07 07
07 07 07 07 07 07 07 07 08 08 08 08 08 08 08 08
08 08 08 08 08 08 08 08 08 08 08 08 08 08 08 08
08 08 08 08 08 08 08 08 08 08 08 08 08 08 08 08
08 08 08 08 08 08 08 08 08 08 08 08 08 08 08 08
08 08 08 08 08 08 08 08 08 08 08 08 08 08 08 08
08 08 08 08 08 08 08 08 08 08 08 08 08 08 08 08
08 08 08 08 08 08 08 08 08 08 08 08 08 08 08 08
08 08 08 08 08 08 08 08 08 08 08 08 08 08 08 08
08 08 08 08 08 08 08 08 28 6E 75 6C 6C 29 00 00
00 00 00 00 43 6F 72 65 4D 61 72 6B 20 31 2E 30
0A 00 00 00 36 6B 20 70 65 72 66 6F 72 6D 61 6E
63 65 20 72 75 6E 20 70 61 72 61 6D 65 74 65 72
73 20 66 6F 72 20 63 6F 72 65 6D 61 72 6B 2E 0A
00 00 00 00 36 6B 20 76 61 6C 69 64 61 74 69 6F
6E 20 72 75 6E 20 70 61 72 61 6D 65 74 65 72 73
20 66 6F 72 20 63 6F 72 65 6D 61 72 6B 2E 0A 00
50 72 6F 66 69 6C 65 20 67 65 6E 65 72 61 74 69
6F 6E 20 72 75 6E 20 70 61 72 61 6D 65 74 65 72
73 20 66 6F 72 20 63 6F 72 65 6D 61 72 6B 2E 0A
00 00 00 00 32 4B 20 70 65 72 66 6F 72 6D 61 6E
63 65 20 72 75 6E 20 70 61 72 61 6D 65 74 65 72
73 20 66 6F 72 20 63 6F 72 65 6D 61 72 6B 2E 0A
00 00 00 00 32 4B 20 76 61 6C 69 64 61 74 69 6F
6E 20 72 75 6E 20 70 61 72 61 6D 65 74 65 72 73
20 66 6F 72 20 63 6F 72 65 6D 61 72 6B 2E 0A 00
5B 25 75 5D 45 52 52 4F 52 21 20 6C 69 73 74 20
63 72 63 20 30 78 25 30 34 78 20 2D 20 73 68 6F
75 6C 64 20 62 65 20 30 78 25 30 34 78 0A 00 00
5B 25 75 5D 45 52 52 4F 52 21 20 6D 61 74 72 69
78 20 63 72 63 20 30 78 25 30 34 78 20 2D 20 73
68 6F 75 6C 64 20 62 65 20 30 78 25 30 34 78 0A
00 00 00 00 5B 25 75 5D 45 52 52 4F 52 21 20 73
74 61 74 65 20 63 72 63 20 30 78 25 30 34 78 20
2D 20 73 68 6F 75 6C 64 20 62 65 20 30 78 25 30
34 78 0A 00 43 6F 72 65 4D 61 72 6B 20 53 69 7A
65 20 20 20 20 3A 20 25 6C 75 0A 00 54 6F 74 61
6C 20 74 69 63 6B 73 20 20 20 20 20 20 3A 20 25
6C 75 0A 00 54 6F 74 61 6C 20 74 69 6D 65 20 28
73 65 63 73 29 3A 20 25 64 0A 00 00 45 52 52 4F
52 21 20 4D 75 73 74 20 65 78 65 63 75 74 65 20
66 6F 72 20 61 74 20 6C 65 61 73 74 20 31 30 20
73 65 63 73 20 66 6F 72 20 61 20 76 61 6C 69 64
20 72 65 73 75 6C 74 21 0A 00 00 00 49 74 65 72
61 74 69 6F 6E 73 2F 53 65 63 20 20 20 3A 20 25
64 0A 00 00 49 74 65 72 61 74 69 6F 6E 73 20 20
20 20 20 20 20 3A 20 25 6C 75 0A 00 47 43 43 31
34 2E 32 2E 30 00 00 00 43 6F 6D 70 69 6C 65 72
20 76 65 72 73 69 6F 6E 20 3A 20 25 73 0A 00 00
2D 4F 33 20 2D 66 75 6E 72 6F 6C 6C 2D 6C 6F 6F
70 73 20 2D 66 70 65 65 6C 2D 6C 6F 6F 70 73 20
2D 66 67 63 73 65 2D 73 6D 20 2D 66 67 63 73 65
2D 6C 61 73 20 2D 66 6C 74 6F 00 00 43 6F 6D 70
69 6C 65 72 20 66 6C 61 67 73 20 20 20 3A 20 25
73 0A 00 00 53 54 41 54 49 43 00 00 4D 65 6D 6F
72 79 20 6C 6F 63 61 74 69 6F 6E 20 20 3A 20 25
73 0A 00 00 73 65 65 64 63 72 63 20 20 20 20 20
20 20 20 20 20 3A 20 30 78 25 30 34 78 0A 00 00
5B 25 64 5D 63 72 63 6C 69 73 74 20 20 20 20 20
20 20 3A 20 30 78 25 30 34 78 0A 00 5B 25 64 5D
63 72 63 6D 61 74 72 69 78 20 20 20 20 20 3A 20
30 78 25 30 34 78 0A 00 5B 25 64 5D 63 72 63 73
74 61 74 65 20 20 20 20 20 20 3A 20 30 78 25 30
34 78 0A 00 5B 25 64 5D 63 72 63 66 69 6E 61 6C
20 20 20 20 20 20 3A 20 30 78 25 30 34 78 0A 00
43 6F 72 72 65 63 74 20 6F 70 65 72 61 74 69 6F
6E 20 76 61 6C 69 64 61 74 65 64 2E 20 53 65 65
20 52 45 41 44 4D 45 2E 6D 64 20 66 6F 72 20 72
75 6E 20 61 6E 64 20 72 65 70 6F 72 74 69 6E 67
20 72 75 6C 65 73 2E 0A 00 00 00 00 43 61 6E 6E
6F 74 20 76 61 6C 69 64 61 74 65 20 6F 70 65 72
61 74 69 6F 6E 20 66 6F 72 20 74 68 65 73 65 20
73 65 65 64 20 76 61 6C 75 65 73 2C 20 70 6C 65
61 73 65 20 63 6F 6D 70 61 72 65 20 77 69 74 68
20 72 65 73 75 6C 74 73 20 6F 6E 20 61 20 6B 6E
6F 77 6E 20 70 6C 61 74 66 6F 72 6D 2E 0A 00 00
45 72 72 6F 72 73 20 64 65 74 65 63 74 65 64 0A
00 00 00 00 54 30 2E 33 65 2D 31 46 00 00 00 00
2D 54 2E 54 2B 2B 54 71 00 00 00 00 31 54 33 2E
34 65 34 7A 00 00 00 00 33 34 2E 30 65 2D 54 5E
00 00 00 00 35 2E 35 30 30 65 2B 33 00 00 00 00
2D 2E 31 32 33 65 2D 32 00 00 00 00 2D 38 37 65
2B 38 33 32 00 00 00 00 2B 30 2E 36 65 2D 31 32
00 00 00 00 33 35 2E 35 34 34 30 30 00 00 00 00
2E 31 32 33 34 35 30 30 00 00 00 00 2D 31 31 30
2E 37 30 30 00 00 00 00 2B 30 2E 36 34 34 30 30
00 00 00 00 35 30 31 32 00 00 00 00 31 32 33 34
00 00 00 00 2D 38 37 34 00 00 00 00 2B 31 32 32
00 00 00 00 00 00 00 00 00 00 00 00 00 00 00 00
00 00 00 00 00 00 00 00 00 00 00 00 00 00 00 00
13 00 00 00 00 00 00 00 00 00 00 00 00 00 00 00
00 00 00 00 00 00 00 00 00 00 00 00 00 00 00 00
@00009260
01 00 00 00 66 00 00 00 00 00 00 00 00 00 00 00
00 00 00 00 00 00 00 00 00 00 00 00 00 00 00 00
